Unique_ID,Pollutant,Geo Type Name,Geo Join ID,Place,Time_Period,Start_Date,Value
667327,Nitrogen dioxide (NO2),UHF34,104,Pelham - Throgs Neck,Annual Average 2020,1/1/20,16.19
740910,Nitrogen dioxide (NO2),UHF42,106,High Bridge - Morrisania,Annual Average 2021,1/1/21,18.04
741006,Nitrogen dioxide (NO2),UHF42,410,Rockaways,Annual Average 2021,1/1/21,11.41
741126,Nitrogen dioxide (NO2),CD,101,Financial District (CD1),Annual Average 2021,1/1/21,21.61
741255,Nitrogen dioxide (NO2),CD,402,Woodside and Sunnyside (CD2),Annual Average 2021,1/1/21,20.21
667399,Nitrogen dioxide (NO2),UHF34,301,Washington Heights,Annual Average 2020,1/1/20,18.08
740913,Nitrogen dioxide (NO2),UHF42,107,Hunts Point - Mott Haven,Annual Average 2021,1/1/21,18.52
667381,Nitrogen dioxide (NO2),UHF34,209,Bensonhurst - Bay Ridge,Annual Average 2020,1/1/20,14.81
667495,Nitrogen dioxide (NO2),UHF34,501502,Northern SI,Annual Average 2020,1/1/20,13.11
740916,Nitrogen dioxide (NO2),UHF42,201,Greenpoint,Annual Average 2021,1/1/21,20.55
741147,Nitrogen dioxide (NO2),CD,108,Upper East Side (CD8),Annual Average 2021,1/1/21,20.37
741225,Nitrogen dioxide (NO2),CD,310,Bay Ridge and Dyker Heights (CD10),Annual Average 2021,1/1/21,16.42
741231,Nitrogen dioxide (NO2),CD,312,Borough Park (CD12),Annual Average 2021,1/1/21,16.92
741042,Nitrogen dioxide (NO2),UHF34,204,East New York,Annual Average 2021,1/1/21,16.12
741084,Nitrogen dioxide (NO2),UHF34,403,Flushing - Clearview,Annual Average 2021,1/1/21,15.66
741102,Nitrogen dioxide (NO2),UHF34,305307,Upper East Side-Gramercy,Annual Average 2021,1/1/21,21.83
741033,Nitrogen dioxide (NO2),UHF34,201,Greenpoint,Annual Average 2021,1/1/21,20.55
741021,Nitrogen dioxide (NO2),UHF34,101,Kingsbridge - Riverdale,Annual Average 2021,1/1/21,14.77
741081,Nitrogen dioxide (NO2),UHF34,402,West Queens,Annual Average 2021,1/1/21,18.56
667531,Nitrogen dioxide (NO2),CD,103,Lower East Side and Chinatown (CD3),Annual Average 2020,1/1/20,19.36
667459,Nitrogen dioxide (NO2),UHF34,409,Southeast Queens,Annual Average 2020,1/1/20,13.02
741045,Nitrogen dioxide (NO2),UHF34,205,Sunset Park,Annual Average 2021,1/1/21,18.03
667555,Nitrogen dioxide (NO2),CD,107,Upper West Side (CD7),Annual Average 2020,1/1/20,19.63
667075,Nitrogen dioxide (NO2),UHF42,104,Pelham - Throgs Neck,Annual Average 2020,1/1/20,16.19
667183,Nitrogen dioxide (NO2),UHF42,304,Upper West Side,Annual Average 2020,1/1/20,19.62
667423,Nitrogen dioxide (NO2),UHF34,401,Long Island City - Astoria,Annual Average 2020,1/1/20,18.94
667507,Nitrogen dioxide (NO2),UHF34,105106107,South Bronx,Annual Average 2020,1/1/20,18.59
667045,Nitrogen dioxide (NO2),Borough,4,Queens,Annual Average 2020,1/1/20,14.82
741057,Nitrogen dioxide (NO2),UHF34,209,Bensonhurst - Bay Ridge,Annual Average 2021,1/1/21,16.03
741063,Nitrogen dioxide (NO2),UHF34,211,Williamsburg - Bushwick,Annual Average 2021,1/1/21,19.04
741114,Nitrogen dioxide (NO2),UHF34,501502,Northern SI,Annual Average 2021,1/1/21,14.76
667645,Nitrogen dioxide (NO2),CD,210,Throgs Neck and Co-op City (CD10),Annual Average 2020,1/1/20,15.54
667657,Nitrogen dioxide (NO2),CD,212,Williamsbridge and Baychester (CD12),Annual Average 2020,1/1/20,16.48
667099,Nitrogen dioxide (NO2),UHF42,201,Greenpoint,Annual Average 2020,1/1/20,19.63
740901,Nitrogen dioxide (NO2),UHF42,103,Fordham - Bronx Pk,Annual Average 2021,1/1/21,16.03
741135,Nitrogen dioxide (NO2),CD,104,Clinton and Chelsea (CD4),Annual Average 2021,1/1/21,22.28
741141,Nitrogen dioxide (NO2),CD,106,Stuyvesant Town and Turtle Bay (CD6),Annual Average 2021,1/1/21,22.13
667549,Nitrogen dioxide (NO2),CD,106,Stuyvesant Town and Turtle Bay (CD6),Annual Average 2020,1/1/20,22.65
667633,Nitrogen dioxide (NO2),CD,208,Riverdale and Fieldston (CD8),Annual Average 2020,1/1/20,15.83
667123,Nitrogen dioxide (NO2),UHF42,205,Sunset Park,Annual Average 2020,1/1/20,16.77
667069,Nitrogen dioxide (NO2),UHF42,103,Fordham - Bronx Pk,Annual Average 2020,1/1/20,16.98
667081,Nitrogen dioxide (NO2),UHF42,105,Crotona -Tremont,Annual Average 2020,1/1/20,18.5
667237,Nitrogen dioxide (NO2),UHF42,403,Flushing - Clearview,Annual Average 2020,1/1/20,15.59
740955,Nitrogen dioxide (NO2),UHF42,303,East Harlem,Annual Average 2021,1/1/21,18.28
667369,Nitrogen dioxide (NO2),UHF34,207,East Flatbush - Flatbush,Annual Average 2020,1/1/20,16.07
740919,Nitrogen dioxide (NO2),UHF42,202,Downtown - Heights - Slope,Annual Average 2021,1/1/21,18.78
741138,Nitrogen dioxide (NO2),CD,105,Midtown (CD5),Annual Average 2021,1/1/21,25.23
741090,Nitrogen dioxide (NO2),UHF34,407,Southwest Queens,Annual Average 2021,1/1/21,15.1
667597,Nitrogen dioxide (NO2),CD,202,Hunts Point and Longwood (CD2),Annual Average 2020,1/1/20,18.77
667039,Nitrogen dioxide (NO2),Borough,3,Manhattan,Annual Average 2020,1/1/20,20.54
667855,Nitrogen dioxide (NO2),CD,501,St. George and Stapleton (CD1),Annual Average 2020,1/1/20,13.68
741003,Nitrogen dioxide (NO2),UHF42,409,Southeast Queens,Annual Average 2021,1/1/21,14.25
740970,Nitrogen dioxide (NO2),UHF42,308,Greenwich Village - SoHo,Annual Average 2021,1/1/21,21.3
742182,Fine particles (PM 2.5),UHF42,107,Hunts Point - Mott Haven,Annual Average 2021,1/1/21,6.98
667285,Nitrogen dioxide (NO2),UHF42,501,Port Richmond,Annual Average 2020,1/1/20,14.15
742185,Fine particles (PM 2.5),UHF42,201,Greenpoint,Annual Average 2021,1/1/21,7.67
742500,Fine particles (PM 2.5),CD,312,Borough Park (CD12),Annual Average 2021,1/1/21,6.45
741183,Nitrogen dioxide (NO2),CD,208,Riverdale and Fieldston (CD8),Annual Average 2021,1/1/21,14.7
742446,Fine particles (PM 2.5),CD,206,Belmont and East Tremont (CD6),Annual Average 2021,1/1/21,6.8
742482,Fine particles (PM 2.5),CD,306,Park Slope and Carroll Gardens (CD6),Annual Average 2021,1/1/21,7.06
742488,Fine particles (PM 2.5),CD,308,Crown Heights and Prospect Heights (CD8),Annual Average 2021,1/1/21,6.72
741219,Nitrogen dioxide (NO2),CD,308,Crown Heights and Prospect Heights (CD8),Annual Average 2021,1/1/21,17.46
742542,Fine particles (PM 2.5),CD,408,Hillcrest and Fresh Meadows (CD8),Annual Average 2021,1/1/21,6.29
740958,Nitrogen dioxide (NO2),UHF42,304,Upper West Side,Annual Average 2021,1/1/21,19.17
742524,Fine particles (PM 2.5),CD,402,Woodside and Sunnyside (CD2),Annual Average 2021,1/1/21,7.61
742395,Fine particles (PM 2.5),CD,101,Financial District (CD1),Annual Average 2021,1/1/21,7.66
741201,Nitrogen dioxide (NO2),CD,302,Fort Greene and Brooklyn Heights (CD2),Annual Average 2021,1/1/21,18.8
741078,Nitrogen dioxide (NO2),UHF34,401,Long Island City - Astoria,Annual Average 2021,1/1/21,19
741120,Nitrogen dioxide (NO2),UHF34,105106107,South Bronx,Annual Average 2021,1/1/21,18.12
741234,Nitrogen dioxide (NO2),CD,313,Coney Island (CD13),Annual Average 2021,1/1/21,14.09
742503,Fine particles (PM 2.5),CD,313,Coney Island (CD13),Annual Average 2021,1/1/21,6.26
742509,Fine particles (PM 2.5),CD,315,Sheepshead Bay (CD15),Annual Average 2021,1/1/21,6.27
742554,Fine particles (PM 2.5),CD,412,Jamaica and Hollis (CD12),Annual Average 2021,1/1/21,6.33
643618,Nitrogen dioxide (NO2),CD,212,Williamsbridge and Baychester (CD12),Annual Average 2019,1/1/19,14.19
643339,Nitrogen dioxide (NO2),UHF42,201,Greenpoint,Annual Average 2019,1/1/19,21.4
667387,Nitrogen dioxide (NO2),UHF34,210,Coney Island - Sheepshead Bay,Annual Average 2020,1/1/20,13.78
667465,Nitrogen dioxide (NO2),UHF34,410,Rockaways,Annual Average 2020,1/1/20,10.55
740982,Nitrogen dioxide (NO2),UHF42,402,West Queens,Annual Average 2021,1/1/21,18.56
741012,Nitrogen dioxide (NO2),UHF42,502,Stapleton - St. George,Annual Average 2021,1/1/21,14.28
741150,Nitrogen dioxide (NO2),CD,109,Morningside Heights and Hamilton Heights (CD9),Annual Average 2021,1/1/21,17.96
741228,Nitrogen dioxide (NO2),CD,311,Bensonhurst (CD11),Annual Average 2021,1/1/21,16.4
667579,Nitrogen dioxide (NO2),CD,111,East Harlem (CD11),Annual Average 2020,1/1/20,18.78
667651,Nitrogen dioxide (NO2),CD,211,Morris Park and Bronxdale (CD11),Annual Average 2020,1/1/20,16.8
667819,Nitrogen dioxide (NO2),CD,409,Kew Gardens and Woodhaven (CD9),Annual Average 2020,1/1/20,15.47
667831,Nitrogen dioxide (NO2),CD,411,Bayside and Little Neck (CD11),Annual Average 2020,1/1/20,13.45
742497,Fine particles (PM 2.5),CD,311,Bensonhurst (CD11),Annual Average 2021,1/1/21,6.37
742455,Fine particles (PM 2.5),CD,209,Parkchester and Soundview (CD9),Annual Average 2021,1/1/21,6.69
741276,Nitrogen dioxide (NO2),CD,409,Kew Gardens and Woodhaven (CD9),Annual Average 2021,1/1/21,15.81
667705,Nitrogen dioxide (NO2),CD,308,Crown Heights and Prospect Heights (CD8),Annual Average 2020,1/1/20,17.34
643600,Nitrogen dioxide (NO2),CD,206,Belmont and East Tremont (CD6),Annual Average 2019,1/1/19,17.07
643351,Nitrogen dioxide (NO2),UHF42,205,Sunset Park,Annual Average 2019,1/1/19,18.46
667861,Nitrogen dioxide (NO2),CD,502,South Beach and Willowbrook (CD2),Annual Average 2020,1/1/20,11.49
667771,Nitrogen dioxide (NO2),CD,401,Long Island City and Astoria (CD1),Annual Average 2020,1/1/20,17.63
643717,Nitrogen dioxide (NO2),CD,501,St. George and Stapleton (CD1),Annual Average 2019,1/1/19,15.05
667681,Nitrogen dioxide (NO2),CD,304,Bushwick (CD4),Annual Average 2020,1/1/20,17.47
643336,Nitrogen dioxide (NO2),UHF42,107,Hunts Point - Mott Haven,Annual Average 2019,1/1/19,18.75
643675,Nitrogen dioxide (NO2),CD,401,Long Island City and Astoria (CD1),Annual Average 2019,1/1/19,18.4
643627,Nitrogen dioxide (NO2),CD,303,Bedford Stuyvesant (CD3),Annual Average 2019,1/1/19,18.35
643630,Nitrogen dioxide (NO2),CD,304,Bushwick (CD4),Annual Average 2019,1/1/19,18.16
741216,Nitrogen dioxide (NO2),CD,307,Sunset Park (CD7),Annual Average 2021,1/1/21,18.06
742539,Fine particles (PM 2.5),CD,407,Flushing and Whitestone (CD7),Annual Average 2021,1/1/21,6.47
643603,Nitrogen dioxide (NO2),CD,207,Kingsbridge Heights and Bedford (CD7),Annual Average 2019,1/1/19,16.23
643324,Nitrogen dioxide (NO2),UHF42,103,Fordham - Bronx Pk,Annual Average 2019,1/1/19,15.17
742452,Fine particles (PM 2.5),CD,208,Riverdale and Fieldston (CD8),Annual Average 2021,1/1/21,6.55
742536,Fine particles (PM 2.5),CD,406,Rego Park and Forest Hills (CD6),Annual Average 2021,1/1/21,6.43
643354,Nitrogen dioxide (NO2),UHF42,206,Borough Park,Annual Average 2019,1/1/19,16.66
643429,Nitrogen dioxide (NO2),UHF42,410,Rockaways,Annual Average 2019,1/1/19,10.04
741258,Nitrogen dioxide (NO2),CD,403,Jackson Heights (CD3),Annual Average 2021,1/1/21,16.91
643357,Nitrogen dioxide (NO2),UHF42,207,East Flatbush - Flatbush,Annual Average 2019,1/1/19,16.27
643360,Nitrogen dioxide (NO2),UHF42,208,Canarsie - Flatlands,Annual Average 2019,1/1/19,13.14
643420,Nitrogen dioxide (NO2),UHF42,407,Southwest Queens,Annual Average 2019,1/1/19,15.13
643393,Nitrogen dioxide (NO2),UHF42,308,Greenwich Village - SoHo,Annual Average 2019,1/1/19,23.56
741270,Nitrogen dioxide (NO2),CD,407,Flushing and Whitestone (CD7),Annual Average 2021,1/1/21,15.66
643369,Nitrogen dioxide (NO2),UHF42,211,Williamsburg - Bushwick,Annual Average 2019,1/1/19,19.67
643381,Nitrogen dioxide (NO2),UHF42,304,Upper West Side,Annual Average 2019,1/1/19,20.8
741285,Nitrogen dioxide (NO2),CD,412,Jamaica and Hollis (CD12),Annual Average 2021,1/1/21,15.13
643432,Nitrogen dioxide (NO2),UHF42,501,Port Richmond,Annual Average 2019,1/1/19,15.73
643402,Nitrogen dioxide (NO2),UHF42,401,Long Island City - Astoria,Annual Average 2019,1/1/19,20.24
643321,Nitrogen dioxide (NO2),UHF42,102,Northeast Bronx,Annual Average 2019,1/1/19,14.67
643633,Nitrogen dioxide (NO2),CD,305,East New York and Starrett City (CD5),Annual Average 2019,1/1/19,15.43
742170,Fine particles (PM 2.5),UHF42,103,Fordham - Bronx Pk,Annual Average 2021,1/1/21,6.58
649945,Fine particles (PM 2.5),CD,206,Belmont and East Tremont (CD6),Annual Average 2019,1/1/19,7.15
669901,Fine particles (PM 2.5),CD,308,Crown Heights and Prospect Heights (CD8),Annual Average 2020,1/1/20,6.31
669949,Fine particles (PM 2.5),CD,406,Rego Park and Forest Hills (CD6),Annual Average 2020,1/1/20,6.12
742521,Fine particles (PM 2.5),CD,401,Long Island City and Astoria (CD1),Annual Average 2021,1/1/21,6.76
742470,Fine particles (PM 2.5),CD,302,Fort Greene and Brooklyn Heights (CD2),Annual Average 2021,1/1/21,7.1
669591,Fine particles (PM 2.5),CD,203,Morrisania and Crotona (CD3),Annual Average 2020,1/1/20,6.22
669601,Fine particles (PM 2.5),CD,103,Lower East Side and Chinatown (CD3),Annual Average 2020,1/1/20,7.51
742239,Fine particles (PM 2.5),UHF42,308,Greenwich Village - SoHo,Annual Average 2021,1/1/21,8.22
669576,Fine particles (PM 2.5),CD,110,Central Harlem (CD10),Annual Average 2020,1/1/20,6.36
742218,Fine particles (PM 2.5),UHF42,301,Washington Heights,Annual Average 2021,1/1/21,6.86
649999,Fine particles (PM 2.5),CD,312,Borough Park (CD12),Annual Average 2019,1/1/19,6.37
741264,Nitrogen dioxide (NO2),CD,405,Ridgewood and Maspeth (CD5),Annual Average 2021,1/1/21,17.51
742533,Fine particles (PM 2.5),CD,405,Ridgewood and Maspeth (CD5),Annual Average 2021,1/1/21,6.96
669856,Fine particles (PM 2.5),CD,205,Fordham and University Heights (CD5),Annual Average 2020,1/1/20,6.21
669595,Fine particles (PM 2.5),CD,105,Midtown (CD5),Annual Average 2020,1/1/20,9.24
742233,Fine particles (PM 2.5),UHF42,306,Chelsea - Clinton,Annual Average 2021,1/1/21,8.44
742512,Fine particles (PM 2.5),CD,316,Brownsville (CD16),Annual Average 2021,1/1/21,6.52
649669,Fine particles (PM 2.5),UHF42,103,Fordham - Bronx Pk,Annual Average 2019,1/1/19,6.7
669826,Fine particles (PM 2.5),UHF42,105,Crotona -Tremont,Annual Average 2020,1/1/20,6.28
669604,Fine particles (PM 2.5),CD,102,Greenwich Village and Soho (CD2),Annual Average 2020,1/1/20,8.54
742200,Fine particles (PM 2.5),UHF42,206,Borough Park,Annual Average 2021,1/1/21,6.43
742563,Fine particles (PM 2.5),CD,501,St. George and Stapleton (CD1),Annual Average 2021,1/1/21,6.34
742269,Fine particles (PM 2.5),UHF42,408,Jamaica,Annual Average 2021,1/1/21,6.43
649900,Fine particles (PM 2.5),CD,103,Lower East Side and Chinatown (CD3),Annual Average 2019,1/1/19,8.67
742515,Fine particles (PM 2.5),CD,317,East Flatbush (CD17),Annual Average 2021,1/1/21,6.47
742569,Fine particles (PM 2.5),CD,503,Tottenville and Great Kills (CD3),Annual Average 2021,1/1/21,6.03
742527,Fine particles (PM 2.5),CD,403,Jackson Heights (CD3),Annual Average 2021,1/1/21,6.64
742530,Fine particles (PM 2.5),CD,404,Elmhurst and Corona (CD4),Annual Average 2021,1/1/21,6.71
669943,Fine particles (PM 2.5),CD,404,Elmhurst and Corona (CD4),Annual Average 2020,1/1/20,6.46
669928,Fine particles (PM 2.5),CD,317,East Flatbush (CD17),Annual Average 2020,1/1/20,5.97
742221,Fine particles (PM 2.5),UHF42,302,Central Harlem - Morningside Heights,Annual Average 2021,1/1/21,6.78
742263,Fine particles (PM 2.5),UHF42,406,Fresh Meadows,Annual Average 2021,1/1/21,6.27
740994,Nitrogen dioxide (NO2),UHF42,406,Fresh Meadows,Annual Average 2021,1/1/21,14.9
742548,Fine particles (PM 2.5),CD,410,South Ozone Park and Howard Beach (CD10),Annual Average 2021,1/1/21,6.19
669913,Fine particles (PM 2.5),CD,312,Borough Park (CD12),Annual Average 2020,1/1/20,5.99
669871,Fine particles (PM 2.5),CD,210,Throgs Neck and Co-op City (CD10),Annual Average 2020,1/1/20,6.07
669877,Fine particles (PM 2.5),CD,212,Williamsbridge and Baychester (CD12),Annual Average 2020,1/1/20,5.92
649684,Fine particles (PM 2.5),UHF42,201,Greenpoint,Annual Average 2019,1/1/19,8.56
740991,Nitrogen dioxide (NO2),UHF42,405,Ridgewood - Forest Hills,Annual Average 2021,1/1/21,16.04
741288,Nitrogen dioxide (NO2),CD,413,Queens Village (CD13),Annual Average 2021,1/1/21,14.62
742557,Fine particles (PM 2.5),CD,413,Queens Village (CD13),Annual Average 2021,1/1/21,6.34
669922,Fine particles (PM 2.5),CD,315,Sheepshead Bay (CD15),Annual Average 2020,1/1/20,5.69
669844,Fine particles (PM 2.5),Borough,4,Queens,Annual Average 2020,1/1/20,6.06
649681,Fine particles (PM 2.5),UHF42,107,Hunts Point - Mott Haven,Annual Average 2019,1/1/19,7.52
667207,Nitrogen dioxide (NO2),UHF42,308,Greenwich Village - SoHo,Annual Average 2020,1/1/20,21.32
669934,Fine particles (PM 2.5),CD,401,Long Island City and Astoria (CD1),Annual Average 2020,1/1/20,6.47
742272,Fine particles (PM 2.5),UHF42,409,Southeast Queens,Annual Average 2021,1/1/21,6.23
643579,Nitrogen dioxide (NO2),CD,111,East Harlem (CD11),Annual Average 2019,1/1/19,19.41
669769,Fine particles (PM 2.5),UHF42,306,Chelsea - Clinton,Annual Average 2020,1/1/20,8.5
742254,Fine particles (PM 2.5),UHF42,403,Flushing - Clearview,Annual Average 2021,1/1/21,6.45
669748,Fine particles (PM 2.5),UHF42,403,Flushing - Clearview,Annual Average 2020,1/1/20,6.24
643405,Nitrogen dioxide (NO2),UHF42,402,West Queens,Annual Average 2019,1/1/19,18.67
643435,Nitrogen dioxide (NO2),UHF42,502,Stapleton - St. George,Annual Average 2019,1/1/19,13.33
742545,Fine particles (PM 2.5),CD,409,Kew Gardens and Woodhaven (CD9),Annual Average 2021,1/1/21,6.46
742251,Fine particles (PM 2.5),UHF42,402,West Queens,Annual Average 2021,1/1/21,7.14
742551,Fine particles (PM 2.5),CD,411,Bayside and Little Neck (CD11),Annual Average 2021,1/1/21,6.28
742266,Fine particles (PM 2.5),UHF42,407,Southwest Queens,Annual Average 2021,1/1/21,6.3
669850,Fine particles (PM 2.5),Borough,2,Brooklyn,Annual Average 2020,1/1/20,6.12
740997,Nitrogen dioxide (NO2),UHF42,407,Southwest Queens,Annual Average 2021,1/1/21,15.1
740940,Nitrogen dioxide (NO2),UHF42,209,Bensonhurst - Bay Ridge,Annual Average 2021,1/1/21,16.03
669781,Fine particles (PM 2.5),UHF42,302,Central Harlem - Morningside Heights,Annual Average 2020,1/1/20,6.35
669739,Fine particles (PM 2.5),UHF42,406,Fresh Meadows,Annual Average 2020,1/1/20,5.95
742248,Fine particles (PM 2.5),UHF42,401,Long Island City - Astoria,Annual Average 2021,1/1/21,7.2
669838,Fine particles (PM 2.5),UHF42,101,Kingsbridge - Riverdale,Annual Average 2020,1/1/20,5.89
669778,Fine particles (PM 2.5),UHF42,303,East Harlem,Annual Average 2020,1/1/20,6.37
669718,Fine particles (PM 2.5),UHF42,503,Willowbrook,Annual Average 2020,1/1/20,5.62
669742,Fine particles (PM 2.5),UHF42,405,Ridgewood - Forest Hills,Annual Average 2020,1/1/20,6.11
742389,Fine particles (PM 2.5),UHF34,105106107,South Bronx,Annual Average 2021,1/1/21,6.83
669766,Fine particles (PM 2.5),UHF42,307,Gramercy Park - Murray Hill,Annual Average 2020,1/1/20,8.18
669763,Fine particles (PM 2.5),UHF42,308,Greenwich Village - SoHo,Annual Average 2020,1/1/20,8.22
669736,Fine particles (PM 2.5),UHF42,407,Southwest Queens,Annual Average 2020,1/1/20,5.91
742359,Fine particles (PM 2.5),UHF34,407,Southwest Queens,Annual Average 2021,1/1/21,6.3
667255,Nitrogen dioxide (NO2),UHF42,406,Fresh Meadows,Annual Average 2020,1/1/20,14.4
669784,Fine particles (PM 2.5),UHF42,301,Washington Heights,Annual Average 2020,1/1/20,6.29
742278,Fine particles (PM 2.5),UHF42,501,Port Richmond,Annual Average 2021,1/1/21,6.37
669790,Fine particles (PM 2.5),UHF42,210,Coney Island - Sheepshead Bay,Annual Average 2020,1/1/20,5.7
742275,Fine particles (PM 2.5),UHF42,410,Rockaways,Annual Average 2021,1/1/21,5.92
669730,Fine particles (PM 2.5),UHF42,409,Southeast Queens,Annual Average 2020,1/1/20,5.78
669727,Fine particles (PM 2.5),UHF42,410,Rockaways,Annual Average 2020,1/1/20,5.33
669958,Fine particles (PM 2.5),CD,409,Kew Gardens and Woodhaven (CD9),Annual Average 2020,1/1/20,6.09
742281,Fine particles (PM 2.5),UHF42,502,Stapleton - St. George,Annual Average 2021,1/1/21,6.25
741108,Nitrogen dioxide (NO2),UHF34,309310,Union Square-Lower Manhattan,Annual Average 2021,1/1/21,20.16
669733,Fine particles (PM 2.5),UHF42,408,Jamaica,Annual Average 2020,1/1/20,5.97
649819,Fine particles (PM 2.5),UHF34,207,East Flatbush - Flatbush,Annual Average 2019,1/1/19,6.31
649858,Fine particles (PM 2.5),UHF34,407,Southwest Queens,Annual Average 2019,1/1/19,6.19
669643,Fine particles (PM 2.5),UHF34,407,Southwest Queens,Annual Average 2020,1/1/20,5.91
742386,Fine particles (PM 2.5),UHF34,503504,Southern SI,Annual Average 2021,1/1/21,6.09
667297,Nitrogen dioxide (NO2),UHF42,503,Willowbrook,Annual Average 2020,1/1/20,11.78
667249,Nitrogen dioxide (NO2),UHF42,405,Ridgewood - Forest Hills,Annual Average 2020,1/1/20,15.74
741009,Nitrogen dioxide (NO2),UHF42,501,Port Richmond,Annual Average 2021,1/1/21,15.66
669946,Fine particles (PM 2.5),CD,405,Ridgewood and Maspeth (CD5),Annual Average 2020,1/1/20,6.25
669925,Fine particles (PM 2.5),CD,316,Brownsville (CD16),Annual Average 2020,1/1/20,6.11
669616,Fine particles (PM 2.5),UHF34,503504,Southern SI,Annual Average 2020,1/1/20,5.44
742284,Fine particles (PM 2.5),UHF42,503,Willowbrook,Annual Average 2021,1/1/21,6.18
742260,Fine particles (PM 2.5),UHF42,405,Ridgewood - Forest Hills,Annual Average 2021,1/1/21,6.54
667795,Nitrogen dioxide (NO2),CD,405,Ridgewood and Maspeth (CD5),Annual Average 2020,1/1/20,16.49
667411,Nitrogen dioxide (NO2),UHF34,303,East Harlem,Annual Average 2020,1/1/20,18.77
741105,Nitrogen dioxide (NO2),UHF34,306308,Chelsea-Village,Annual Average 2021,1/1/21,22.64
742377,Fine particles (PM 2.5),UHF34,309310,Union Square-Lower Manhattan,Annual Average 2021,1/1/21,7.73
742383,Fine particles (PM 2.5),UHF34,501502,Northern SI,Annual Average 2021,1/1/21,6.29
669619,Fine particles (PM 2.5),UHF34,501502,Northern SI,Annual Average 2020,1/1/20,5.78
742350,Fine particles (PM 2.5),UHF34,402,West Queens,Annual Average 2021,1/1/21,7.14
742290,Fine particles (PM 2.5),UHF34,101,Kingsbridge - Riverdale,Annual Average 2021,1/1/21,6.57
742338,Fine particles (PM 2.5),UHF34,302,Central Harlem - Morningside Heights,Annual Average 2021,1/1/21,6.78
667261,Nitrogen dioxide (NO2),UHF42,407,Southwest Queens,Annual Average 2020,1/1/20,14.75
741243,Nitrogen dioxide (NO2),CD,316,Brownsville (CD16),Annual Average 2021,1/1/21,16.73
643459,Nitrogen dioxide (NO2),UHF34,202,Downtown - Heights - Slope,Annual Average 2019,1/1/19,19.98
669712,Fine particles (PM 2.5),UHF34,101,Kingsbridge - Riverdale,Annual Average 2020,1/1/20,5.89
742356,Fine particles (PM 2.5),UHF34,405,Ridgewood - Forest Hills,Annual Average 2021,1/1/21,6.54
650032,Fine particles (PM 2.5),CD,405,Ridgewood and Maspeth (CD5),Annual Average 2019,1/1/19,7
643531,Nitrogen dioxide (NO2),UHF34,309310,Union Square-Lower Manhattan,Annual Average 2019,1/1/19,22.39
669634,Fine particles (PM 2.5),UHF34,410,Rockaways,Annual Average 2020,1/1/20,5.33
742368,Fine particles (PM 2.5),UHF34,410,Rockaways,Annual Average 2021,1/1/21,5.92
643522,Nitrogen dioxide (NO2),UHF34,410,Rockaways,Annual Average 2019,1/1/19,10.04
667501,Nitrogen dioxide (NO2),UHF34,503504,Southern SI,Annual Average 2020,1/1/20,11.01
643444,Nitrogen dioxide (NO2),UHF34,101,Kingsbridge - Riverdale,Annual Average 2019,1/1/19,13.5
643447,Nitrogen dioxide (NO2),UHF34,102,Northeast Bronx,Annual Average 2019,1/1/19,14.67
643492,Nitrogen dioxide (NO2),UHF34,302,Central Harlem - Morningside Heights,Annual Average 2019,1/1/19,19.7
740964,Nitrogen dioxide (NO2),UHF42,306,Chelsea - Clinton,Annual Average 2021,1/1/21,23.32
669613,Fine particles (PM 2.5),UHF34,105106107,South Bronx,Annual Average 2020,1/1/20,6.27
742362,Fine particles (PM 2.5),UHF34,408,Jamaica,Annual Average 2021,1/1/21,6.43
643501,Nitrogen dioxide (NO2),UHF34,401,Long Island City - Astoria,Annual Average 2019,1/1/19,20.24
643543,Nitrogen dioxide (NO2),UHF34,105106107,South Bronx,Annual Average 2019,1/1/19,18.42
669724,Fine particles (PM 2.5),UHF42,501,Port Richmond,Annual Average 2020,1/1/20,5.93
669955,Fine particles (PM 2.5),CD,408,Hillcrest and Fresh Meadows (CD8),Annual Average 2020,1/1/20,5.99
649789,Fine particles (PM 2.5),UHF34,101,Kingsbridge - Riverdale,Annual Average 2019,1/1/19,6.71
669625,Fine particles (PM 2.5),UHF34,309310,Union Square-Lower Manhattan,Annual Average 2020,1/1/20,7.65
667483,Nitrogen dioxide (NO2),UHF34,309310,Union Square-Lower Manhattan,Annual Average 2020,1/1/20,20.27
667801,Nitrogen dioxide (NO2),CD,406,Rego Park and Forest Hills (CD6),Annual Average 2020,1/1/20,15.71
669721,Fine particles (PM 2.5),UHF42,502,Stapleton - St. George,Annual Average 2020,1/1/20,5.7
669751,Fine particles (PM 2.5),UHF42,402,West Queens,Annual Average 2020,1/1/20,6.56
669640,Fine particles (PM 2.5),UHF34,408,Jamaica,Annual Average 2020,1/1/20,5.97
742311,Fine particles (PM 2.5),UHF34,204,East New York,Annual Average 2021,1/1/21,6.55
742371,Fine particles (PM 2.5),UHF34,305307,Upper East Side-Gramercy,Annual Average 2021,1/1/21,7.55
741210,Nitrogen dioxide (NO2),CD,305,East New York and Starrett City (CD5),Annual Average 2021,1/1/21,15.86
667753,Nitrogen dioxide (NO2),CD,316,Brownsville (CD16),Annual Average 2020,1/1/20,16.79
741279,Nitrogen dioxide (NO2),CD,410,South Ozone Park and Howard Beach (CD10),Annual Average 2021,1/1/21,14.64
741267,Nitrogen dioxide (NO2),CD,406,Rego Park and Forest Hills (CD6),Annual Average 2021,1/1/21,15.83
741273,Nitrogen dioxide (NO2),CD,408,Hillcrest and Fresh Meadows (CD8),Annual Average 2021,1/1/21,14.66
669667,Fine particles (PM 2.5),UHF34,301,Washington Heights,Annual Average 2020,1/1/20,6.29
667441,Nitrogen dioxide (NO2),UHF34,405,Ridgewood - Forest Hills,Annual Average 2020,1/1/20,15.74
742374,Fine particles (PM 2.5),UHF34,306308,Chelsea-Village,Annual Average 2021,1/1/21,8.37
669646,Fine particles (PM 2.5),UHF34,405,Ridgewood - Forest Hills,Annual Average 2020,1/1/20,6.11
669652,Fine particles (PM 2.5),UHF34,402,West Queens,Annual Average 2020,1/1/20,6.56
740952,Nitrogen dioxide (NO2),UHF42,302,Central Harlem - Morningside Heights,Annual Average 2021,1/1/21,18.21
669970,Fine particles (PM 2.5),CD,413,Queens Village (CD13),Annual Average 2020,1/1/20,5.78
667843,Nitrogen dioxide (NO2),CD,413,Queens Village (CD13),Annual Average 2020,1/1/20,13.08
669649,Fine particles (PM 2.5),UHF34,403,Flushing - Clearview,Annual Average 2020,1/1/20,6.24
742353,Fine particles (PM 2.5),UHF34,403,Flushing - Clearview,Annual Average 2021,1/1/21,6.45
742245,Fine particles (PM 2.5),UHF42,310,Lower Manhattan,Annual Average 2021,1/1/21,7.58
742242,Fine particles (PM 2.5),UHF42,309,Union Square - Lower East Side,Annual Average 2021,1/1/21,7.8
669961,Fine particles (PM 2.5),CD,410,South Ozone Park and Howard Beach (CD10),Annual Average 2020,1/1/20,5.79
669967,Fine particles (PM 2.5),CD,412,Jamaica and Hollis (CD12),Annual Average 2020,1/1/20,5.94
667837,Nitrogen dioxide (NO2),CD,412,Jamaica and Hollis (CD12),Annual Average 2020,1/1/20,14.28
650041,Fine particles (PM 2.5),CD,408,Hillcrest and Fresh Meadows (CD8),Annual Average 2019,1/1/19,6.2
742518,Fine particles (PM 2.5),CD,318,Flatlands and Canarsie (CD18),Annual Average 2021,1/1/21,6.25
741240,Nitrogen dioxide (NO2),CD,315,Sheepshead Bay (CD15),Annual Average 2021,1/1/21,14.85
650056,Fine particles (PM 2.5),CD,413,Queens Village (CD13),Annual Average 2019,1/1/19,6.03
740985,Nitrogen dioxide (NO2),UHF42,403,Flushing - Clearview,Annual Average 2021,1/1/21,15.66
742491,Fine particles (PM 2.5),CD,309,South Crown Heights and Lefferts Gardens (CD9),Annual Average 2021,1/1/21,6.5
742461,Fine particles (PM 2.5),CD,211,Morris Park and Bronxdale (CD11),Annual Average 2021,1/1/21,6.55
643495,Nitrogen dioxide (NO2),UHF34,303,East Harlem,Annual Average 2019,1/1/19,19.4
742188,Fine particles (PM 2.5),UHF42,202,Downtown - Heights - Slope,Annual Average 2021,1/1/21,7.1
667789,Nitrogen dioxide (NO2),CD,404,Elmhurst and Corona (CD4),Annual Average 2020,1/1/20,17.52
742224,Fine particles (PM 2.5),UHF42,303,East Harlem,Annual Average 2021,1/1/21,6.79
741213,Nitrogen dioxide (NO2),CD,306,Park Slope and Carroll Gardens (CD6),Annual Average 2021,1/1/21,18.6
741015,Nitrogen dioxide (NO2),UHF42,503,Willowbrook,Annual Average 2021,1/1/21,13.26
669916,Fine particles (PM 2.5),CD,313,Coney Island (CD13),Annual Average 2020,1/1/20,5.69
667735,Nitrogen dioxide (NO2),CD,313,Coney Island (CD13),Annual Average 2020,1/1/20,13.04
669964,Fine particles (PM 2.5),CD,411,Bayside and Little Neck (CD11),Annual Average 2020,1/1/20,5.99
649795,Fine particles (PM 2.5),UHF34,103,Fordham - Bronx Pk,Annual Average 2019,1/1/19,6.7
649957,Fine particles (PM 2.5),CD,210,Throgs Neck and Co-op City (CD10),Annual Average 2019,1/1/19,6.7
650053,Fine particles (PM 2.5),CD,412,Jamaica and Hollis (CD12),Annual Average 2019,1/1/19,6.23
742494,Fine particles (PM 2.5),CD,310,Bay Ridge and Dyker Heights (CD10),Annual Average 2021,1/1/21,6.53
669628,Fine particles (PM 2.5),UHF34,306308,Chelsea-Village,Annual Average 2020,1/1/20,8.41
669631,Fine particles (PM 2.5),UHF34,305307,Upper East Side-Gramercy,Annual Average 2020,1/1/20,7.41
667471,Nitrogen dioxide (NO2),UHF34,305307,Upper East Side-Gramercy,Annual Average 2020,1/1/20,22.48
741282,Nitrogen dioxide (NO2),CD,411,Bayside and Little Neck (CD11),Annual Average 2021,1/1/21,14.17
740961,Nitrogen dioxide (NO2),UHF42,305,Upper East Side,Annual Average 2021,1/1/21,20.31
667813,Nitrogen dioxide (NO2),CD,408,Hillcrest and Fresh Meadows (CD8),Annual Average 2020,1/1/20,14.13
667693,Nitrogen dioxide (NO2),CD,306,Park Slope and Carroll Gardens (CD6),Annual Average 2020,1/1/20,18.17
669907,Fine particles (PM 2.5),CD,310,Bay Ridge and Dyker Heights (CD10),Annual Average 2020,1/1/20,6.06
742458,Fine particles (PM 2.5),CD,210,Throgs Neck and Co-op City (CD10),Annual Average 2021,1/1/21,6.52
741300,Nitrogen dioxide (NO2),CD,503,Tottenville and Great Kills (CD3),Annual Average 2021,1/1/21,11.12
741261,Nitrogen dioxide (NO2),CD,404,Elmhurst and Corona (CD4),Annual Average 2021,1/1/21,17.49
741294,Nitrogen dioxide (NO2),CD,501,St. George and Stapleton (CD1),Annual Average 2021,1/1/21,15.32
667477,Nitrogen dioxide (NO2),UHF34,306308,Chelsea-Village,Annual Average 2020,1/1/20,23.02
741222,Nitrogen dioxide (NO2),CD,309,South Crown Heights and Lefferts Gardens (CD9),Annual Average 2021,1/1/21,17.02
740979,Nitrogen dioxide (NO2),UHF42,401,Long Island City - Astoria,Annual Average 2021,1/1/21,19
741189,Nitrogen dioxide (NO2),CD,210,Throgs Neck and Co-op City (CD10),Annual Average 2021,1/1/21,15.39
742566,Fine particles (PM 2.5),CD,502,South Beach and Willowbrook (CD2),Annual Average 2021,1/1/21,6.16
650044,Fine particles (PM 2.5),CD,409,Kew Gardens and Woodhaven (CD9),Annual Average 2019,1/1/19,6.4
741192,Nitrogen dioxide (NO2),CD,211,Morris Park and Bronxdale (CD11),Annual Average 2021,1/1/21,16.29
667825,Nitrogen dioxide (NO2),CD,410,South Ozone Park and Howard Beach (CD10),Annual Average 2020,1/1/20,14.28
741246,Nitrogen dioxide (NO2),CD,317,East Flatbush (CD17),Annual Average 2021,1/1/21,16.52
741249,Nitrogen dioxide (NO2),CD,318,Flatlands and Canarsie (CD18),Annual Average 2021,1/1/21,14.26
669904,Fine particles (PM 2.5),CD,309,South Crown Heights and Lefferts Gardens (CD9),Annual Average 2020,1/1/20,6.06
667729,Nitrogen dioxide (NO2),CD,312,Borough Park (CD12),Annual Average 2020,1/1/20,16.21
667717,Nitrogen dioxide (NO2),CD,310,Bay Ridge and Dyker Heights (CD10),Annual Average 2020,1/1/20,15.16
669982,Fine particles (PM 2.5),CD,503,Tottenville and Great Kills (CD3),Annual Average 2020,1/1/20,5.32
669940,Fine particles (PM 2.5),CD,403,Jackson Heights (CD3),Annual Average 2020,1/1/20,6.38
669979,Fine particles (PM 2.5),CD,502,South Beach and Willowbrook (CD2),Annual Average 2020,1/1/20,5.58
669976,Fine particles (PM 2.5),CD,501,St. George and Stapleton (CD1),Annual Average 2020,1/1/20,5.84
650026,Fine particles (PM 2.5),CD,403,Jackson Heights (CD3),Annual Average 2019,1/1/19,6.65
650029,Fine particles (PM 2.5),CD,404,Elmhurst and Corona (CD4),Annual Average 2019,1/1/19,6.85
649975,Fine particles (PM 2.5),CD,304,Bushwick (CD4),Annual Average 2019,1/1/19,7.1
667711,Nitrogen dioxide (NO2),CD,309,South Crown Heights and Lefferts Gardens (CD9),Annual Average 2020,1/1/20,16.87
667723,Nitrogen dioxide (NO2),CD,311,Bensonhurst (CD11),Annual Average 2020,1/1/20,15.36
741207,Nitrogen dioxide (NO2),CD,304,Bushwick (CD4),Annual Average 2021,1/1/21,17.51
741204,Nitrogen dioxide (NO2),CD,303,Bedford Stuyvesant (CD3),Annual Average 2021,1/1/21,17.88
669931,Fine particles (PM 2.5),CD,318,Flatlands and Canarsie (CD18),Annual Average 2020,1/1/20,5.67
741297,Nitrogen dioxide (NO2),CD,502,South Beach and Willowbrook (CD2),Annual Average 2021,1/1/21,13.01
741252,Nitrogen dioxide (NO2),CD,401,Long Island City and Astoria (CD1),Annual Average 2021,1/1/21,17.34
669937,Fine particles (PM 2.5),CD,402,Woodside and Sunnyside (CD2),Annual Average 2020,1/1/20,6.95
742236,Fine particles (PM 2.5),UHF42,307,Gramercy Park - Murray Hill,Annual Average 2021,1/1/21,8.15
742476,Fine particles (PM 2.5),CD,304,Bushwick (CD4),Annual Average 2021,1/1/21,6.87
741000,Nitrogen dioxide (NO2),UHF42,408,Jamaica,Annual Average 2021,1/1/21,15.3
650062,Fine particles (PM 2.5),CD,501,St. George and Stapleton (CD1),Annual Average 2019,1/1/19,6.14
667867,Nitrogen dioxide (NO2),CD,503,Tottenville and Great Kills (CD3),Annual Average 2020,1/1/20,10.49
667783,Nitrogen dioxide (NO2),CD,403,Jackson Heights (CD3),Annual Average 2020,1/1/20,16.98
667759,Nitrogen dioxide (NO2),CD,317,East Flatbush (CD17),Annual Average 2020,1/1/20,16.23
667765,Nitrogen dioxide (NO2),CD,318,Flatlands and Canarsie (CD18),Annual Average 2020,1/1/20,13.74
667675,Nitrogen dioxide (NO2),CD,303,Bedford Stuyvesant (CD3),Annual Average 2020,1/1/20,17.47
669883,Fine particles (PM 2.5),CD,302,Fort Greene and Brooklyn Heights (CD2),Annual Average 2020,1/1/20,6.68
740967,Nitrogen dioxide (NO2),UHF42,307,Gramercy Park - Murray Hill,Annual Average 2021,1/1/21,23.54
742206,Fine particles (PM 2.5),UHF42,208,Canarsie - Flatlands,Annual Average 2021,1/1/21,6.27
742203,Fine particles (PM 2.5),UHF42,207,East Flatbush - Flatbush,Annual Average 2021,1/1/21,6.44
741198,Nitrogen dioxide (NO2),CD,301,Greenpoint and Williamsburg (CD1),Annual Average 2021,1/1/21,20.75
742215,Fine particles (PM 2.5),UHF42,211,Williamsburg - Bushwick,Annual Average 2021,1/1/21,7.25
742560,Fine particles (PM 2.5),CD,414,Rockaway and Broad Channel (CD14),Annual Average 2021,1/1/21,5.92
669919,Fine particles (PM 2.5),CD,314,Flatbush and Midwood (CD14),Annual Average 2020,1/1/20,5.92
740976,Nitrogen dioxide (NO2),UHF42,310,Lower Manhattan,Annual Average 2021,1/1/21,21.49
740973,Nitrogen dioxide (NO2),UHF42,309,Union Square - Lower East Side,Annual Average 2021,1/1/21,19.55
667777,Nitrogen dioxide (NO2),CD,402,Woodside and Sunnyside (CD2),Annual Average 2020,1/1/20,19.22
669895,Fine particles (PM 2.5),CD,306,Park Slope and Carroll Gardens (CD6),Annual Average 2020,1/1/20,6.74
742230,Fine particles (PM 2.5),UHF42,305,Upper East Side,Annual Average 2021,1/1/21,7.02
740943,Nitrogen dioxide (NO2),UHF42,210,Coney Island - Sheepshead Bay,Annual Average 2021,1/1/21,14.68
740931,Nitrogen dioxide (NO2),UHF42,206,Borough Park,Annual Average 2021,1/1/21,16.74
667279,Nitrogen dioxide (NO2),UHF42,410,Rockaways,Annual Average 2020,1/1/20,10.55
667267,Nitrogen dioxide (NO2),UHF42,408,Jamaica,Annual Average 2020,1/1/20,14.24
742212,Fine particles (PM 2.5),UHF42,210,Coney Island - Sheepshead Bay,Annual Average 2021,1/1/21,6.27
669757,Fine particles (PM 2.5),UHF42,310,Lower Manhattan,Annual Average 2020,1/1/20,7.42
669814,Fine particles (PM 2.5),UHF42,202,Downtown - Heights - Slope,Annual Average 2020,1/1/20,6.69
667195,Nitrogen dioxide (NO2),UHF42,306,Chelsea - Clinton,Annual Average 2020,1/1/20,23.87
667171,Nitrogen dioxide (NO2),UHF42,302,Central Harlem - Morningside Heights,Annual Average 2020,1/1/20,18.99
669760,Fine particles (PM 2.5),UHF42,309,Union Square - Lower East Side,Annual Average 2020,1/1/20,7.76
669802,Fine particles (PM 2.5),UHF42,206,Borough Park,Annual Average 2020,1/1/20,5.94
667273,Nitrogen dioxide (NO2),UHF42,409,Southeast Queens,Annual Average 2020,1/1/20,13.02
669973,Fine particles (PM 2.5),CD,414,Rockaway and Broad Channel (CD14),Annual Average 2020,1/1/20,5.33
742227,Fine particles (PM 2.5),UHF42,304,Upper West Side,Annual Average 2021,1/1/21,6.8
741018,Nitrogen dioxide (NO2),UHF42,504,South Beach - Tottenville,Annual Average 2021,1/1/21,11.3
669841,Fine particles (PM 2.5),Borough,5,Staten Island,Annual Average 2020,1/1/20,5.54
742287,Fine particles (PM 2.5),UHF42,504,South Beach - Tottenville,Annual Average 2021,1/1/21,6.04
742257,Fine particles (PM 2.5),UHF42,404,Bayside - Little Neck,Annual Average 2021,1/1/21,6.29
669775,Fine particles (PM 2.5),UHF42,304,Upper West Side,Annual Average 2020,1/1/20,6.35
667219,Nitrogen dioxide (NO2),UHF42,310,Lower Manhattan,Annual Average 2020,1/1/20,21.55
667213,Nitrogen dioxide (NO2),UHF42,309,Union Square - Lower East Side,Annual Average 2020,1/1/20,19.69
667201,Nitrogen dioxide (NO2),UHF42,307,Gramercy Park - Murray Hill,Annual Average 2020,1/1/20,24.27
669754,Fine particles (PM 2.5),UHF42,401,Long Island City - Astoria,Annual Average 2020,1/1/20,6.83
667225,Nitrogen dioxide (NO2),UHF42,401,Long Island City - Astoria,Annual Average 2020,1/1/20,18.94
740949,Nitrogen dioxide (NO2),UHF42,301,Washington Heights,Annual Average 2021,1/1/21,17.1
741195,Nitrogen dioxide (NO2),CD,212,Williamsbridge and Baychester (CD12),Annual Average 2021,1/1/21,15.64
667189,Nitrogen dioxide (NO2),UHF42,305,Upper East Side,Annual Average 2020,1/1/20,20.89
667177,Nitrogen dioxide (NO2),UHF42,303,East Harlem,Annual Average 2020,1/1/20,18.77
667153,Nitrogen dioxide (NO2),UHF42,210,Coney Island - Sheepshead Bay,Annual Average 2020,1/1/20,13.78
667165,Nitrogen dioxide (NO2),UHF42,301,Washington Heights,Annual Average 2020,1/1/20,18.08
667291,Nitrogen dioxide (NO2),UHF42,502,Stapleton - St. George,Annual Average 2020,1/1/20,12.56
669910,Fine particles (PM 2.5),CD,311,Bensonhurst (CD11),Annual Average 2020,1/1/20,5.85
667231,Nitrogen dioxide (NO2),UHF42,402,West Queens,Annual Average 2020,1/1/20,17.79
742365,Fine particles (PM 2.5),UHF34,409,Southeast Queens,Annual Average 2021,1/1/21,6.23
667303,Nitrogen dioxide (NO2),UHF42,504,South Beach - Tottenville,Annual Average 2020,1/1/20,10.56
742380,Fine particles (PM 2.5),UHF34,404406,Bayside Little Neck-Fresh Meadows,Annual Average 2021,1/1/21,6.28
669637,Fine particles (PM 2.5),UHF34,409,Southeast Queens,Annual Average 2020,1/1/20,5.78
669715,Fine particles (PM 2.5),UHF42,504,South Beach - Tottenville,Annual Average 2020,1/1/20,5.34
669745,Fine particles (PM 2.5),UHF42,404,Bayside - Little Neck,Annual Average 2020,1/1/20,6
669622,Fine particles (PM 2.5),UHF34,404406,Bayside Little Neck-Fresh Meadows,Annual Average 2020,1/1/20,5.98
741159,Nitrogen dioxide (NO2),CD,112,Washington Heights and Inwood (CD12),Annual Average 2021,1/1/21,16.91
742428,Fine particles (PM 2.5),CD,112,Washington Heights and Inwood (CD12),Annual Average 2021,1/1/21,6.88
742422,Fine particles (PM 2.5),CD,110,Central Harlem (CD10),Annual Average 2021,1/1/21,6.77
741177,Nitrogen dioxide (NO2),CD,206,Belmont and East Tremont (CD6),Annual Average 2021,1/1/21,17.36
742191,Fine particles (PM 2.5),UHF42,203,Bedford Stuyvesant - Crown Heights,Annual Average 2021,1/1/21,6.61
740937,Nitrogen dioxide (NO2),UHF42,208,Canarsie - Flatlands,Annual Average 2021,1/1/21,14.28
740934,Nitrogen dioxide (NO2),UHF42,207,East Flatbush - Flatbush,Annual Average 2021,1/1/21,16.38
742473,Fine particles (PM 2.5),CD,303,Bedford Stuyvesant (CD3),Annual Average 2021,1/1/21,6.84
742437,Fine particles (PM 2.5),CD,203,Morrisania and Crotona (CD3),Annual Average 2021,1/1/21,6.7
742440,Fine particles (PM 2.5),CD,204,Highbridge and Concourse (CD4),Annual Average 2021,1/1/21,6.65
667747,Nitrogen dioxide (NO2),CD,315,Sheepshead Bay (CD15),Annual Average 2020,1/1/20,14.02
742416,Fine particles (PM 2.5),CD,108,Upper East Side (CD8),Annual Average 2021,1/1/21,7.03
742464,Fine particles (PM 2.5),CD,212,Williamsbridge and Baychester (CD12),Annual Average 2021,1/1/21,6.49
742479,Fine particles (PM 2.5),CD,305,East New York and Starrett City (CD5),Annual Average 2021,1/1/21,6.51
742443,Fine particles (PM 2.5),CD,205,Fordham and University Heights (CD5),Annual Average 2021,1/1/21,6.76
741162,Nitrogen dioxide (NO2),CD,201,Mott Haven and Melrose (CD1),Annual Average 2021,1/1/21,18.75
742467,Fine particles (PM 2.5),CD,301,Greenpoint and Williamsburg (CD1),Annual Average 2021,1/1/21,7.74
742431,Fine particles (PM 2.5),CD,201,Mott Haven and Melrose (CD1),Annual Average 2021,1/1/21,6.84
742179,Fine particles (PM 2.5),UHF42,106,High Bridge - Morrisania,Annual Average 2021,1/1/21,6.63
742209,Fine particles (PM 2.5),UHF42,209,Bensonhurst - Bay Ridge,Annual Average 2021,1/1/21,6.43
742197,Fine particles (PM 2.5),UHF42,205,Sunset Park,Annual Average 2021,1/1/21,6.99
649675,Fine particles (PM 2.5),UHF42,105,Crotona -Tremont,Annual Average 2019,1/1/19,7.23
649705,Fine particles (PM 2.5),UHF42,208,Canarsie - Flatlands,Annual Average 2019,1/1/19,6.15
649765,Fine particles (PM 2.5),UHF42,407,Southwest Queens,Annual Average 2019,1/1/19,6.19
742425,Fine particles (PM 2.5),CD,111,East Harlem (CD11),Annual Average 2021,1/1/21,6.79
649750,Fine particles (PM 2.5),UHF42,402,West Queens,Annual Average 2019,1/1/19,7.35
649732,Fine particles (PM 2.5),UHF42,306,Chelsea - Clinton,Annual Average 2019,1/1/19,10.21
649762,Fine particles (PM 2.5),UHF42,406,Fresh Meadows,Annual Average 2019,1/1/19,6.16
741093,Nitrogen dioxide (NO2),UHF34,408,Jamaica,Annual Average 2021,1/1/21,15.3
667453,Nitrogen dioxide (NO2),UHF34,408,Jamaica,Annual Average 2020,1/1/20,14.24
741099,Nitrogen dioxide (NO2),UHF34,410,Rockaways,Annual Average 2021,1/1/21,11.41
741117,Nitrogen dioxide (NO2),UHF34,503504,Southern SI,Annual Average 2021,1/1/21,12.03
667447,Nitrogen dioxide (NO2),UHF34,407,Southwest Queens,Annual Average 2020,1/1/20,14.75
742347,Fine particles (PM 2.5),UHF34,401,Long Island City - Astoria,Annual Average 2021,1/1/21,7.2
740928,Nitrogen dioxide (NO2),UHF42,205,Sunset Park,Annual Average 2021,1/1/21,18.03
667435,Nitrogen dioxide (NO2),UHF34,403,Flushing - Clearview,Annual Average 2020,1/1/20,15.59
649771,Fine particles (PM 2.5),UHF42,409,Southeast Queens,Annual Average 2019,1/1/19,6.01
649774,Fine particles (PM 2.5),UHF42,410,Rockaways,Annual Average 2019,1/1/19,5.59
742341,Fine particles (PM 2.5),UHF34,303,East Harlem,Annual Average 2021,1/1/21,6.79
741072,Nitrogen dioxide (NO2),UHF34,303,East Harlem,Annual Average 2021,1/1/21,18.28
667489,Nitrogen dioxide (NO2),UHF34,404406,Bayside Little Neck-Fresh Meadows,Annual Average 2020,1/1/20,13.66
669952,Fine particles (PM 2.5),CD,407,Flushing and Whitestone (CD7),Annual Average 2020,1/1/20,6.26
649783,Fine particles (PM 2.5),UHF42,503,Willowbrook,Annual Average 2019,1/1/19,5.96
649759,Fine particles (PM 2.5),UHF42,405,Ridgewood - Forest Hills,Annual Average 2019,1/1/19,6.56
669661,Fine particles (PM 2.5),UHF34,303,East Harlem,Annual Average 2020,1/1/20,6.37
649777,Fine particles (PM 2.5),UHF42,501,Port Richmond,Annual Average 2019,1/1/19,6.34
741153,Nitrogen dioxide (NO2),CD,110,Central Harlem (CD10),Annual Average 2021,1/1/21,18.31
741060,Nitrogen dioxide (NO2),UHF34,210,Coney Island - Sheepshead Bay,Annual Average 2021,1/1/21,14.68
741156,Nitrogen dioxide (NO2),CD,111,East Harlem (CD11),Annual Average 2021,1/1/21,18.25
669673,Fine particles (PM 2.5),UHF34,210,Coney Island - Sheepshead Bay,Annual Average 2020,1/1/20,5.7
742329,Fine particles (PM 2.5),UHF34,210,Coney Island - Sheepshead Bay,Annual Average 2021,1/1/21,6.27
667807,Nitrogen dioxide (NO2),CD,407,Flushing and Whitestone (CD7),Annual Average 2020,1/1/20,15.61
741291,Nitrogen dioxide (NO2),CD,414,Rockaway and Broad Channel (CD14),Annual Average 2021,1/1/21,11.34
741237,Nitrogen dioxide (NO2),CD,314,Flatbush and Midwood (CD14),Annual Average 2021,1/1/21,16.17
742320,Fine particles (PM 2.5),UHF34,207,East Flatbush - Flatbush,Annual Average 2021,1/1/21,6.44
650059,Fine particles (PM 2.5),CD,414,Rockaway and Broad Channel (CD14),Annual Average 2019,1/1/19,5.59
741174,Nitrogen dioxide (NO2),CD,205,Fordham and University Heights (CD5),Annual Average 2021,1/1/21,18.12
669655,Fine particles (PM 2.5),UHF34,401,Long Island City - Astoria,Annual Average 2020,1/1/20,6.83
742317,Fine particles (PM 2.5),UHF34,206,Borough Park,Annual Average 2021,1/1/21,6.43
741087,Nitrogen dioxide (NO2),UHF34,405,Ridgewood - Forest Hills,Annual Average 2021,1/1/21,16.04
667429,Nitrogen dioxide (NO2),UHF34,402,West Queens,Annual Average 2020,1/1/20,17.79
649768,Fine particles (PM 2.5),UHF42,408,Jamaica,Annual Average 2019,1/1/19,6.24
742335,Fine particles (PM 2.5),UHF34,301,Washington Heights,Annual Average 2021,1/1/21,6.86
741069,Nitrogen dioxide (NO2),UHF34,302,Central Harlem - Morningside Heights,Annual Average 2021,1/1/21,18.21
741066,Nitrogen dioxide (NO2),UHF34,301,Washington Heights,Annual Average 2021,1/1/21,17.1
669664,Fine particles (PM 2.5),UHF34,302,Central Harlem - Morningside Heights,Annual Average 2020,1/1/20,6.35
742302,Fine particles (PM 2.5),UHF34,201,Greenpoint,Annual Average 2021,1/1/21,7.67
741171,Nitrogen dioxide (NO2),CD,204,Highbridge and Concourse (CD4),Annual Average 2021,1/1/21,18.11
741168,Nitrogen dioxide (NO2),CD,203,Morrisania and Crotona (CD3),Annual Average 2021,1/1/21,17.32
650038,Fine particles (PM 2.5),CD,407,Flushing and Whitestone (CD7),Annual Average 2019,1/1/19,6.65
742506,Fine particles (PM 2.5),CD,314,Flatbush and Midwood (CD14),Annual Average 2021,1/1/21,6.43
742485,Fine particles (PM 2.5),CD,307,Sunset Park (CD7),Annual Average 2021,1/1/21,7
742449,Fine particles (PM 2.5),CD,207,Kingsbridge Heights and Bedford (CD7),Annual Average 2021,1/1/21,6.64
740988,Nitrogen dioxide (NO2),UHF42,404,Bayside - Little Neck,Annual Average 2021,1/1/21,13.91
667849,Nitrogen dioxide (NO2),CD,414,Rockaway and Broad Channel (CD14),Annual Average 2020,1/1/20,10.47
667741,Nitrogen dioxide (NO2),CD,314,Flatbush and Midwood (CD14),Annual Average 2020,1/1/20,15.6
667699,Nitrogen dioxide (NO2),CD,307,Sunset Park (CD7),Annual Average 2020,1/1/20,16.89
740925,Nitrogen dioxide (NO2),UHF42,204,East New York,Annual Average 2021,1/1/21,16.12
740946,Nitrogen dioxide (NO2),UHF42,211,Williamsburg - Bushwick,Annual Average 2021,1/1/21,19.04
669898,Fine particles (PM 2.5),CD,307,Sunset Park (CD7),Annual Average 2020,1/1/20,6.47
740922,Nitrogen dioxide (NO2),UHF42,203,Bedford Stuyvesant - Crown Heights,Annual Average 2021,1/1/21,17.12
741048,Nitrogen dioxide (NO2),UHF34,206,Borough Park,Annual Average 2021,1/1/21,16.74
741075,Nitrogen dioxide (NO2),UHF34,304,Upper West Side,Annual Average 2021,1/1/21,19.17
741186,Nitrogen dioxide (NO2),CD,209,Parkchester and Soundview (CD9),Annual Average 2021,1/1/21,16.64
649882,Fine particles (PM 2.5),UHF34,501502,Northern SI,Annual Average 2019,1/1/19,6.05
649876,Fine particles (PM 2.5),UHF34,309310,Union Square-Lower Manhattan,Annual Average 2019,1/1/19,8.67
649885,Fine particles (PM 2.5),UHF34,503504,Southern SI,Annual Average 2019,1/1/19,5.87
649855,Fine particles (PM 2.5),UHF34,405,Ridgewood - Forest Hills,Annual Average 2019,1/1/19,6.56
649849,Fine particles (PM 2.5),UHF34,402,West Queens,Annual Average 2019,1/1/19,7.35
649852,Fine particles (PM 2.5),UHF34,403,Flushing - Clearview,Annual Average 2019,1/1/19,6.61
649873,Fine particles (PM 2.5),UHF34,306308,Chelsea-Village,Annual Average 2019,1/1/19,10.02
649870,Fine particles (PM 2.5),UHF34,305307,Upper East Side-Gramercy,Annual Average 2019,1/1/19,8.98
742344,Fine particles (PM 2.5),UHF34,304,Upper West Side,Annual Average 2021,1/1/21,6.8
742305,Fine particles (PM 2.5),UHF34,202,Downtown - Heights - Slope,Annual Average 2021,1/1/21,7.1
742308,Fine particles (PM 2.5),UHF34,203,Bedford Stuyvesant - Crown Heights,Annual Average 2021,1/1/21,6.61
742299,Fine particles (PM 2.5),UHF34,104,Pelham - Throgs Neck,Annual Average 2021,1/1/21,6.6
742296,Fine particles (PM 2.5),UHF34,103,Fordham - Bronx Pk,Annual Average 2021,1/1/21,6.58
669787,Fine particles (PM 2.5),UHF42,211,Williamsburg - Bushwick,Annual Average 2020,1/1/20,6.72
742332,Fine particles (PM 2.5),UHF34,211,Williamsburg - Bushwick,Annual Average 2021,1/1/21,7.25
742326,Fine particles (PM 2.5),UHF34,209,Bensonhurst - Bay Ridge,Annual Average 2021,1/1/21,6.43
643438,Nitrogen dioxide (NO2),UHF42,503,Willowbrook,Annual Average 2019,1/1/19,12.21
643414,Nitrogen dioxide (NO2),UHF42,405,Ridgewood - Forest Hills,Annual Average 2019,1/1/19,16.24
740907,Nitrogen dioxide (NO2),UHF42,105,Crotona -Tremont,Annual Average 2021,1/1/21,17.64
649888,Fine particles (PM 2.5),UHF34,105106107,South Bronx,Annual Average 2019,1/1/19,7.33
649861,Fine particles (PM 2.5),UHF34,408,Jamaica,Annual Average 2019,1/1/19,6.24
742323,Fine particles (PM 2.5),UHF34,208,Canarsie - Flatlands,Annual Average 2021,1/1/21,6.27
649867,Fine particles (PM 2.5),UHF34,410,Rockaways,Annual Average 2019,1/1/19,5.59
667243,Nitrogen dioxide (NO2),UHF42,404,Bayside - Little Neck,Annual Average 2020,1/1/20,13.16
667117,Nitrogen dioxide (NO2),UHF42,204,East New York,Annual Average 2020,1/1/20,15.74
667159,Nitrogen dioxide (NO2),UHF42,211,Williamsburg - Bushwick,Annual Average 2020,1/1/20,18.5
741123,Nitrogen dioxide (NO2),Citywide,1,New York City,Annual Average 2021,1/1/21,15.68
740895,Nitrogen dioxide (NO2),UHF42,101,Kingsbridge - Riverdale,Annual Average 2021,1/1/21,14.77
643426,Nitrogen dioxide (NO2),UHF42,409,Southeast Queens,Annual Average 2019,1/1/19,14.5
643423,Nitrogen dioxide (NO2),UHF42,408,Jamaica,Annual Average 2019,1/1/19,15.51
643390,Nitrogen dioxide (NO2),UHF42,307,Gramercy Park - Murray Hill,Annual Average 2019,1/1/19,26.22
643417,Nitrogen dioxide (NO2),UHF42,406,Fresh Meadows,Annual Average 2019,1/1/19,15.36
643387,Nitrogen dioxide (NO2),UHF42,306,Chelsea - Clinton,Annual Average 2019,1/1/19,26.02
740898,Nitrogen dioxide (NO2),UHF42,102,Northeast Bronx,Annual Average 2021,1/1/21,15.98
643408,Nitrogen dioxide (NO2),UHF42,403,Flushing - Clearview,Annual Average 2019,1/1/19,16.26
643378,Nitrogen dioxide (NO2),UHF42,303,East Harlem,Annual Average 2019,1/1/19,19.4
650035,Fine particles (PM 2.5),CD,406,Rego Park and Forest Hills (CD6),Annual Average 2019,1/1/19,6.46
650047,Fine particles (PM 2.5),CD,410,South Ozone Park and Howard Beach (CD10),Annual Average 2019,1/1/19,6.05
649747,Fine particles (PM 2.5),UHF42,401,Long Island City - Astoria,Annual Average 2019,1/1/19,7.99
742392,Fine particles (PM 2.5),Citywide,1,New York City,Annual Average 2021,1/1/21,6.54
643708,Nitrogen dioxide (NO2),CD,412,Jamaica and Hollis (CD12),Annual Average 2019,1/1/19,15.66
643702,Nitrogen dioxide (NO2),CD,410,South Ozone Park and Howard Beach (CD10),Annual Average 2019,1/1/19,14.53
643399,Nitrogen dioxide (NO2),UHF42,310,Lower Manhattan,Annual Average 2019,1/1/19,24.17
643396,Nitrogen dioxide (NO2),UHF42,309,Union Square - Lower East Side,Annual Average 2019,1/1/19,21.57
740886,Nitrogen dioxide (NO2),Borough,3,Manhattan,Annual Average 2021,1/1/21,19.97
649744,Fine particles (PM 2.5),UHF42,310,Lower Manhattan,Annual Average 2019,1/1/19,8.23
650014,Fine particles (PM 2.5),CD,317,East Flatbush (CD17),Annual Average 2019,1/1/19,6.43
650068,Fine particles (PM 2.5),CD,503,Tottenville and Great Kills (CD3),Annual Average 2019,1/1/19,5.83
649738,Fine particles (PM 2.5),UHF42,308,Greenwich Village - SoHo,Annual Average 2019,1/1/19,9.65
649735,Fine particles (PM 2.5),UHF42,307,Gramercy Park - Murray Hill,Annual Average 2019,1/1/19,10.09
650011,Fine particles (PM 2.5),CD,316,Brownsville (CD16),Annual Average 2019,1/1/19,6.65
649720,Fine particles (PM 2.5),UHF42,302,Central Harlem - Morningside Heights,Annual Average 2019,1/1/19,7
643687,Nitrogen dioxide (NO2),CD,405,Ridgewood and Maspeth (CD5),Annual Average 2019,1/1/19,17.13
643666,Nitrogen dioxide (NO2),CD,316,Brownsville (CD16),Annual Average 2019,1/1/19,17.02
649753,Fine particles (PM 2.5),UHF42,403,Flushing - Clearview,Annual Average 2019,1/1/19,6.61
649723,Fine particles (PM 2.5),UHF42,303,East Harlem,Annual Average 2019,1/1/19,7.11
643690,Nitrogen dioxide (NO2),CD,406,Rego Park and Forest Hills (CD6),Annual Average 2019,1/1/19,16.35
643696,Nitrogen dioxide (NO2),CD,408,Hillcrest and Fresh Meadows (CD8),Annual Average 2019,1/1/19,15.14
643654,Nitrogen dioxide (NO2),CD,312,Borough Park (CD12),Annual Average 2019,1/1/19,17.04
643648,Nitrogen dioxide (NO2),CD,310,Bay Ridge and Dyker Heights (CD10),Annual Average 2019,1/1/19,16.43
643612,Nitrogen dioxide (NO2),CD,210,Throgs Neck and Co-op City (CD10),Annual Average 2019,1/1/19,14.61
643576,Nitrogen dioxide (NO2),CD,110,Central Harlem (CD10),Annual Average 2019,1/1/19,19.8
649741,Fine particles (PM 2.5),UHF42,309,Union Square - Lower East Side,Annual Average 2019,1/1/19,8.87
650050,Fine particles (PM 2.5),CD,411,Bayside and Little Neck (CD11),Annual Average 2019,1/1/19,6.19
649780,Fine particles (PM 2.5),UHF42,502,Stapleton - St. George,Annual Average 2019,1/1/19,5.9
643705,Nitrogen dioxide (NO2),CD,411,Bayside and Little Neck (CD11),Annual Average 2019,1/1/19,14.46
643699,Nitrogen dioxide (NO2),CD,409,Kew Gardens and Woodhaven (CD9),Annual Average 2019,1/1/19,16.06
643645,Nitrogen dioxide (NO2),CD,309,South Crown Heights and Lefferts Gardens (CD9),Annual Average 2019,1/1/19,17.38
643651,Nitrogen dioxide (NO2),CD,311,Bensonhurst (CD11),Annual Average 2019,1/1/19,15.89
643723,Nitrogen dioxide (NO2),CD,503,Tottenville and Great Kills (CD3),Annual Average 2019,1/1/19,10.18
643684,Nitrogen dioxide (NO2),CD,404,Elmhurst and Corona (CD4),Annual Average 2019,1/1/19,18.23
643681,Nitrogen dioxide (NO2),CD,403,Jackson Heights (CD3),Annual Average 2019,1/1/19,17.58
643669,Nitrogen dioxide (NO2),CD,317,East Flatbush (CD17),Annual Average 2019,1/1/19,16.35
643672,Nitrogen dioxide (NO2),CD,318,Flatlands and Canarsie (CD18),Annual Average 2019,1/1/19,13.13
643597,Nitrogen dioxide (NO2),CD,205,Fordham and University Heights (CD5),Annual Average 2019,1/1/19,18.21
741132,Nitrogen dioxide (NO2),CD,103,Lower East Side and Chinatown (CD3),Annual Average 2021,1/1/21,19.29
643594,Nitrogen dioxide (NO2),CD,204,Highbridge and Concourse (CD4),Annual Average 2019,1/1/19,18.72
643591,Nitrogen dioxide (NO2),CD,203,Morrisania and Crotona (CD3),Annual Average 2019,1/1/19,17.78
643642,Nitrogen dioxide (NO2),CD,308,Crown Heights and Prospect Heights (CD8),Annual Average 2019,1/1/19,18.19
643636,Nitrogen dioxide (NO2),CD,306,Park Slope and Carroll Gardens (CD6),Annual Average 2019,1/1/19,20.08
643720,Nitrogen dioxide (NO2),CD,502,South Beach and Willowbrook (CD2),Annual Average 2019,1/1/19,11.67
643678,Nitrogen dioxide (NO2),CD,402,Woodside and Sunnyside (CD2),Annual Average 2019,1/1/19,20.67
643624,Nitrogen dioxide (NO2),CD,302,Fort Greene and Brooklyn Heights (CD2),Annual Average 2019,1/1/19,19.94
643621,Nitrogen dioxide (NO2),CD,301,Greenpoint and Williamsburg (CD1),Annual Average 2019,1/1/19,21.51
741165,Nitrogen dioxide (NO2),CD,202,Hunts Point and Longwood (CD2),Annual Average 2021,1/1/21,19.31
643570,Nitrogen dioxide (NO2),CD,108,Upper East Side (CD8),Annual Average 2019,1/1/19,22.19
643582,Nitrogen dioxide (NO2),CD,112,Washington Heights and Inwood (CD12),Annual Average 2019,1/1/19,16.87
643564,Nitrogen dioxide (NO2),CD,106,Stuyvesant Town and Turtle Bay (CD6),Annual Average 2019,1/1/19,24.48
741129,Nitrogen dioxide (NO2),CD,102,Greenwich Village and Soho (CD2),Annual Average 2021,1/1/21,21.21
643585,Nitrogen dioxide (NO2),CD,201,Mott Haven and Melrose (CD1),Annual Average 2019,1/1/19,19.67
643549,Nitrogen dioxide (NO2),CD,101,Financial District (CD1),Annual Average 2019,1/1/19,24.3
667687,Nitrogen dioxide (NO2),CD,305,East New York and Starrett City (CD5),Annual Average 2020,1/1/20,15.48
643375,Nitrogen dioxide (NO2),UHF42,302,Central Harlem - Morningside Heights,Annual Average 2019,1/1/19,19.7
643342,Nitrogen dioxide (NO2),UHF42,202,Downtown - Heights - Slope,Annual Average 2019,1/1/19,19.98
649978,Fine particles (PM 2.5),CD,305,East New York and Starrett City (CD5),Annual Average 2019,1/1/19,6.52
643372,Nitrogen dioxide (NO2),UHF42,301,Washington Heights,Annual Average 2019,1/1/19,17.27
649993,Fine particles (PM 2.5),CD,310,Bay Ridge and Dyker Heights (CD10),Annual Average 2019,1/1/19,6.39
667573,Nitrogen dioxide (NO2),CD,110,Central Harlem (CD10),Annual Average 2020,1/1/20,19.13
650017,Fine particles (PM 2.5),CD,318,Flatlands and Canarsie (CD18),Annual Average 2019,1/1/19,6.11
649972,Fine particles (PM 2.5),CD,303,Bedford Stuyvesant (CD3),Annual Average 2019,1/1/19,6.6
649936,Fine particles (PM 2.5),CD,203,Morrisania and Crotona (CD3),Annual Average 2019,1/1/19,6.91
740880,Nitrogen dioxide (NO2),Borough,1,Bronx,Annual Average 2021,1/1/21,16.54
740883,Nitrogen dioxide (NO2),Borough,2,Brooklyn,Annual Average 2021,1/1/21,16.68
649939,Fine particles (PM 2.5),CD,204,Highbridge and Concourse (CD4),Annual Average 2019,1/1/19,7.24
643318,Nitrogen dioxide (NO2),UHF42,101,Kingsbridge - Riverdale,Annual Average 2019,1/1/19,13.5
649927,Fine particles (PM 2.5),CD,112,Washington Heights and Inwood (CD12),Annual Average 2019,1/1/19,7.17
649921,Fine particles (PM 2.5),CD,110,Central Harlem (CD10),Annual Average 2019,1/1/19,6.97
649915,Fine particles (PM 2.5),CD,108,Upper East Side (CD8),Annual Average 2019,1/1/19,8.03
649963,Fine particles (PM 2.5),CD,212,Williamsbridge and Baychester (CD12),Annual Average 2019,1/1/19,6.66
667561,Nitrogen dioxide (NO2),CD,108,Upper East Side (CD8),Annual Average 2020,1/1/20,20.95
667585,Nitrogen dioxide (NO2),CD,112,Washington Heights and Inwood (CD12),Annual Average 2020,1/1/20,17.94
643384,Nitrogen dioxide (NO2),UHF42,305,Upper East Side,Annual Average 2019,1/1/19,22.13
649987,Fine particles (PM 2.5),CD,308,Crown Heights and Prospect Heights (CD8),Annual Average 2019,1/1/19,6.68
667621,Nitrogen dioxide (NO2),CD,206,Belmont and East Tremont (CD6),Annual Average 2020,1/1/20,18.18
667669,Nitrogen dioxide (NO2),CD,302,Fort Greene and Brooklyn Heights (CD2),Annual Average 2020,1/1/20,18.4
667663,Nitrogen dioxide (NO2),CD,301,Greenpoint and Williamsburg (CD1),Annual Average 2020,1/1/20,19.72
643366,Nitrogen dioxide (NO2),UHF42,210,Coney Island - Sheepshead Bay,Annual Average 2019,1/1/19,13.5
650023,Fine particles (PM 2.5),CD,402,Woodside and Sunnyside (CD2),Annual Average 2019,1/1/19,8.43
650065,Fine particles (PM 2.5),CD,502,South Beach and Willowbrook (CD2),Annual Average 2019,1/1/19,5.88
650020,Fine particles (PM 2.5),CD,401,Long Island City and Astoria (CD1),Annual Average 2019,1/1/19,7.21
649969,Fine particles (PM 2.5),CD,302,Fort Greene and Brooklyn Heights (CD2),Annual Average 2019,1/1/19,7.19
643363,Nitrogen dioxide (NO2),UHF42,209,Bensonhurst - Bay Ridge,Annual Average 2019,1/1/19,15.7
667591,Nitrogen dioxide (NO2),CD,201,Mott Haven and Melrose (CD1),Annual Average 2020,1/1/20,19.14
649930,Fine particles (PM 2.5),CD,201,Mott Haven and Melrose (CD1),Annual Average 2019,1/1/19,7.69
649966,Fine particles (PM 2.5),CD,301,Greenpoint and Williamsburg (CD1),Annual Average 2019,1/1/19,8.61
643333,Nitrogen dioxide (NO2),UHF42,106,High Bridge - Morrisania,Annual Average 2019,1/1/19,18.76
741180,Nitrogen dioxide (NO2),CD,207,Kingsbridge Heights and Bedford (CD7),Annual Average 2021,1/1/21,16.86
649933,Fine particles (PM 2.5),CD,202,Hunts Point and Longwood (CD2),Annual Average 2019,1/1/19,7.82
649894,Fine particles (PM 2.5),CD,101,Financial District (CD1),Annual Average 2019,1/1/19,8.42
649897,Fine particles (PM 2.5),CD,102,Greenwich Village and Soho (CD2),Annual Average 2019,1/1/19,9.94
742398,Fine particles (PM 2.5),CD,102,Greenwich Village and Soho (CD2),Annual Average 2021,1/1/21,8.47
742434,Fine particles (PM 2.5),CD,202,Hunts Point and Longwood (CD2),Annual Average 2021,1/1/21,7.29
643345,Nitrogen dioxide (NO2),UHF42,203,Bedford Stuyvesant - Crown Heights,Annual Average 2019,1/1/19,17.69
643330,Nitrogen dioxide (NO2),UHF42,105,Crotona -Tremont,Annual Average 2019,1/1/19,17.64
649903,Fine particles (PM 2.5),CD,104,Clinton and Chelsea (CD4),Annual Average 2019,1/1/19,9.32
649909,Fine particles (PM 2.5),CD,106,Stuyvesant Town and Turtle Bay (CD6),Annual Average 2019,1/1/19,9.36
740889,Nitrogen dioxide (NO2),Borough,4,Queens,Annual Average 2021,1/1/21,15.46
643711,Nitrogen dioxide (NO2),CD,413,Queens Village (CD13),Annual Average 2019,1/1/19,14.55
650002,Fine particles (PM 2.5),CD,313,Coney Island (CD13),Annual Average 2019,1/1/19,5.98
643657,Nitrogen dioxide (NO2),CD,313,Coney Island (CD13),Annual Average 2019,1/1/19,12.95
643663,Nitrogen dioxide (NO2),CD,315,Sheepshead Bay (CD15),Annual Average 2019,1/1/19,13.59
742401,Fine particles (PM 2.5),CD,103,Lower East Side and Chinatown (CD3),Annual Average 2021,1/1/21,7.61
669889,Fine particles (PM 2.5),CD,304,Bushwick (CD4),Annual Average 2020,1/1/20,6.5
649942,Fine particles (PM 2.5),CD,205,Fordham and University Heights (CD5),Annual Average 2019,1/1/19,7.29
742407,Fine particles (PM 2.5),CD,105,Midtown (CD5),Annual Average 2021,1/1/21,8.95
649687,Fine particles (PM 2.5),UHF42,202,Downtown - Heights - Slope,Annual Average 2019,1/1/19,7.44
643615,Nitrogen dioxide (NO2),CD,211,Morris Park and Bronxdale (CD11),Annual Average 2019,1/1/19,15.46
643573,Nitrogen dioxide (NO2),CD,109,Morningside Heights and Hamilton Heights (CD9),Annual Average 2019,1/1/19,19.22
643609,Nitrogen dioxide (NO2),CD,209,Parkchester and Soundview (CD9),Annual Average 2019,1/1/19,16.39
649990,Fine particles (PM 2.5),CD,309,South Crown Heights and Lefferts Gardens (CD9),Annual Average 2019,1/1/19,6.34
649960,Fine particles (PM 2.5),CD,211,Morris Park and Bronxdale (CD11),Annual Average 2019,1/1/19,6.65
649711,Fine particles (PM 2.5),UHF42,210,Coney Island - Sheepshead Bay,Annual Average 2019,1/1/19,6.04
649708,Fine particles (PM 2.5),UHF42,209,Bensonhurst - Bay Ridge,Annual Average 2019,1/1/19,6.21
742404,Fine particles (PM 2.5),CD,104,Clinton and Chelsea (CD4),Annual Average 2021,1/1/21,8.07
742410,Fine particles (PM 2.5),CD,106,Stuyvesant Town and Turtle Bay (CD6),Annual Average 2021,1/1/21,7.86
669859,Fine particles (PM 2.5),CD,206,Belmont and East Tremont (CD6),Annual Average 2020,1/1/20,6.32
649729,Fine particles (PM 2.5),UHF42,305,Upper East Side,Annual Average 2019,1/1/19,8
669886,Fine particles (PM 2.5),CD,303,Bedford Stuyvesant (CD3),Annual Average 2020,1/1/20,6.31
649702,Fine particles (PM 2.5),UHF42,207,East Flatbush - Flatbush,Annual Average 2019,1/1/19,6.31
669594,Fine particles (PM 2.5),CD,204,Highbridge and Concourse (CD4),Annual Average 2020,1/1/20,6.12
742152,Fine particles (PM 2.5),Borough,2,Brooklyn,Annual Average 2021,1/1/21,6.63
669880,Fine particles (PM 2.5),CD,301,Greenpoint and Williamsburg (CD1),Annual Average 2020,1/1/20,7.08
669585,Fine particles (PM 2.5),CD,201,Mott Haven and Melrose (CD1),Annual Average 2020,1/1/20,6.3
649699,Fine particles (PM 2.5),UHF42,206,Borough Park,Annual Average 2019,1/1/19,6.32
649696,Fine particles (PM 2.5),UHF42,205,Sunset Park,Annual Average 2019,1/1/19,7.32
649690,Fine particles (PM 2.5),UHF42,203,Bedford Stuyvesant - Crown Heights,Annual Average 2019,1/1/19,6.61
669598,Fine particles (PM 2.5),CD,104,Clinton and Chelsea (CD4),Annual Average 2020,1/1/20,7.96
649996,Fine particles (PM 2.5),CD,311,Bensonhurst (CD11),Annual Average 2019,1/1/19,6.16
649954,Fine particles (PM 2.5),CD,209,Parkchester and Soundview (CD9),Annual Average 2019,1/1/19,6.81
649918,Fine particles (PM 2.5),CD,109,Morningside Heights and Hamilton Heights (CD9),Annual Average 2019,1/1/19,6.93
649924,Fine particles (PM 2.5),CD,111,East Harlem (CD11),Annual Average 2019,1/1/19,7.13
742419,Fine particles (PM 2.5),CD,109,Morningside Heights and Hamilton Heights (CD9),Annual Average 2021,1/1/21,6.79
742194,Fine particles (PM 2.5),UHF42,204,East New York,Annual Average 2021,1/1/21,6.55
742413,Fine particles (PM 2.5),CD,107,Upper West Side (CD7),Annual Average 2021,1/1/21,6.79
667135,Nitrogen dioxide (NO2),UHF42,207,East Flatbush - Flatbush,Annual Average 2020,1/1/20,16.07
669588,Fine particles (PM 2.5),CD,202,Hunts Point and Longwood (CD2),Annual Average 2020,1/1/20,6.56
667129,Nitrogen dioxide (NO2),UHF42,206,Borough Park,Annual Average 2020,1/1/20,16
669582,Fine particles (PM 2.5),CD,112,Washington Heights and Inwood (CD12),Annual Average 2020,1/1/20,6.28
669570,Fine particles (PM 2.5),CD,108,Upper East Side (CD8),Annual Average 2020,1/1/20,6.73
649717,Fine particles (PM 2.5),UHF42,301,Washington Heights,Annual Average 2019,1/1/19,7.11
649663,Fine particles (PM 2.5),UHF42,101,Kingsbridge - Riverdale,Annual Average 2019,1/1/19,6.71
742176,Fine particles (PM 2.5),UHF42,105,Crotona -Tremont,Annual Average 2021,1/1/21,6.79
667093,Nitrogen dioxide (NO2),UHF42,107,Hunts Point - Mott Haven,Annual Average 2020,1/1/20,18.43
742149,Fine particles (PM 2.5),Borough,1,Bronx,Annual Average 2021,1/1/21,6.64
667027,Nitrogen dioxide (NO2),Borough,1,Bronx,Annual Average 2020,1/1/20,17.1
650008,Fine particles (PM 2.5),CD,315,Sheepshead Bay (CD15),Annual Average 2019,1/1/19,6.07
742155,Fine particles (PM 2.5),Borough,3,Manhattan,Annual Average 2021,1/1/21,7.41
667147,Nitrogen dioxide (NO2),UHF42,209,Bensonhurst - Bay Ridge,Annual Average 2020,1/1/20,14.81
667087,Nitrogen dioxide (NO2),UHF42,106,High Bridge - Morrisania,Annual Average 2020,1/1/20,18.92
667111,Nitrogen dioxide (NO2),UHF42,203,Bedford Stuyvesant - Crown Heights,Annual Average 2020,1/1/20,17.1
742164,Fine particles (PM 2.5),UHF42,101,Kingsbridge - Riverdale,Annual Average 2021,1/1/21,6.57
667057,Nitrogen dioxide (NO2),UHF42,101,Kingsbridge - Riverdale,Annual Average 2020,1/1/20,15.9
669817,Fine particles (PM 2.5),UHF42,201,Greenpoint,Annual Average 2020,1/1/20,7.04
669799,Fine particles (PM 2.5),UHF42,207,East Flatbush - Flatbush,Annual Average 2020,1/1/20,5.97
669820,Fine particles (PM 2.5),UHF42,107,Hunts Point - Mott Haven,Annual Average 2020,1/1/20,6.36
643525,Nitrogen dioxide (NO2),UHF34,305307,Upper East Side-Gramercy,Annual Average 2019,1/1/19,24.05
643528,Nitrogen dioxide (NO2),UHF34,306308,Chelsea-Village,Annual Average 2019,1/1/19,25.2
643507,Nitrogen dioxide (NO2),UHF34,403,Flushing - Clearview,Annual Average 2019,1/1/19,16.26
669793,Fine particles (PM 2.5),UHF42,209,Bensonhurst - Bay Ridge,Annual Average 2020,1/1/20,5.93
643504,Nitrogen dioxide (NO2),UHF34,402,West Queens,Annual Average 2019,1/1/19,18.67
643510,Nitrogen dioxide (NO2),UHF34,405,Ridgewood - Forest Hills,Annual Average 2019,1/1/19,16.24
741036,Nitrogen dioxide (NO2),UHF34,202,Downtown - Heights - Slope,Annual Average 2021,1/1/21,18.78
741024,Nitrogen dioxide (NO2),UHF34,102,Northeast Bronx,Annual Average 2021,1/1/21,15.98
741111,Nitrogen dioxide (NO2),UHF34,404406,Bayside Little Neck-Fresh Meadows,Annual Average 2021,1/1/21,14.31
741096,Nitrogen dioxide (NO2),UHF34,409,Southeast Queens,Annual Average 2021,1/1/21,14.25
741030,Nitrogen dioxide (NO2),UHF34,104,Pelham - Throgs Neck,Annual Average 2021,1/1/21,16.01
741039,Nitrogen dioxide (NO2),UHF34,203,Bedford Stuyvesant - Crown Heights,Annual Average 2021,1/1/21,17.12
741027,Nitrogen dioxide (NO2),UHF34,103,Fordham - Bronx Pk,Annual Average 2021,1/1/21,16.03
643498,Nitrogen dioxide (NO2),UHF34,304,Upper West Side,Annual Average 2019,1/1/19,20.8
643489,Nitrogen dioxide (NO2),UHF34,301,Washington Heights,Annual Average 2019,1/1/19,17.27
742158,Fine particles (PM 2.5),Borough,4,Queens,Annual Average 2021,1/1/21,6.48
669892,Fine particles (PM 2.5),CD,305,East New York and Starrett City (CD5),Annual Average 2020,1/1/20,5.98
649666,Fine particles (PM 2.5),UHF42,102,Northeast Bronx,Annual Average 2019,1/1/19,6.68
742167,Fine particles (PM 2.5),UHF42,102,Northeast Bronx,Annual Average 2021,1/1/21,6.49
643537,Nitrogen dioxide (NO2),UHF34,501502,Northern SI,Annual Average 2019,1/1/19,14.17
643486,Nitrogen dioxide (NO2),UHF34,211,Williamsburg - Bushwick,Annual Average 2019,1/1/19,19.67
649840,Fine particles (PM 2.5),UHF34,303,East Harlem,Annual Average 2019,1/1/19,7.11
669868,Fine particles (PM 2.5),CD,209,Parkchester and Soundview (CD9),Annual Average 2020,1/1/20,6.2
669573,Fine particles (PM 2.5),CD,109,Morningside Heights and Hamilton Heights (CD9),Annual Average 2020,1/1/20,6.3
669579,Fine particles (PM 2.5),CD,111,East Harlem (CD11),Annual Average 2020,1/1/20,6.38
669874,Fine particles (PM 2.5),CD,211,Morris Park and Bronxdale (CD11),Annual Average 2020,1/1/20,6.01
649834,Fine particles (PM 2.5),UHF34,301,Washington Heights,Annual Average 2019,1/1/19,7.11
649837,Fine particles (PM 2.5),UHF34,302,Central Harlem - Morningside Heights,Annual Average 2019,1/1/19,7
742293,Fine particles (PM 2.5),UHF34,102,Northeast Bronx,Annual Average 2021,1/1/21,6.49
649801,Fine particles (PM 2.5),UHF34,201,Greenpoint,Annual Average 2019,1/1/19,8.56
667105,Nitrogen dioxide (NO2),UHF42,202,Downtown - Heights - Slope,Annual Average 2020,1/1/20,18.26
643513,Nitrogen dioxide (NO2),UHF34,407,Southwest Queens,Annual Average 2019,1/1/19,15.14
669835,Fine particles (PM 2.5),UHF42,102,Northeast Bronx,Annual Average 2020,1/1/20,5.95
741051,Nitrogen dioxide (NO2),UHF34,207,East Flatbush - Flatbush,Annual Average 2021,1/1/21,16.38
643516,Nitrogen dioxide (NO2),UHF34,408,Jamaica,Annual Average 2019,1/1/19,15.51
741054,Nitrogen dioxide (NO2),UHF34,208,Canarsie - Flatlands,Annual Average 2021,1/1/21,14.28
649846,Fine particles (PM 2.5),UHF34,401,Long Island City - Astoria,Annual Average 2019,1/1/19,7.99
669772,Fine particles (PM 2.5),UHF42,305,Upper East Side,Annual Average 2020,1/1/20,6.72
669811,Fine particles (PM 2.5),UHF42,203,Bedford Stuyvesant - Crown Heights,Annual Average 2020,1/1/20,6.2
669805,Fine particles (PM 2.5),UHF42,205,Sunset Park,Annual Average 2020,1/1/20,6.47
643540,Nitrogen dioxide (NO2),UHF34,503504,Southern SI,Annual Average 2019,1/1/19,10.97
649843,Fine particles (PM 2.5),UHF34,304,Upper West Side,Annual Average 2019,1/1/19,7.38
649810,Fine particles (PM 2.5),UHF34,204,East New York,Annual Average 2019,1/1/19,6.56
649807,Fine particles (PM 2.5),UHF34,203,Bedford Stuyvesant - Crown Heights,Annual Average 2019,1/1/19,6.61
649798,Fine particles (PM 2.5),UHF34,104,Pelham - Throgs Neck,Annual Average 2019,1/1/19,6.74
667405,Nitrogen dioxide (NO2),UHF34,302,Central Harlem - Morningside Heights,Annual Average 2020,1/1/20,18.99
667333,Nitrogen dioxide (NO2),UHF34,201,Greenpoint,Annual Average 2020,1/1/20,19.63
649831,Fine particles (PM 2.5),UHF34,211,Williamsburg - Bushwick,Annual Average 2019,1/1/19,7.5
667393,Nitrogen dioxide (NO2),UHF34,211,Williamsburg - Bushwick,Annual Average 2020,1/1/20,18.5
669670,Fine particles (PM 2.5),UHF34,211,Williamsburg - Bushwick,Annual Average 2020,1/1/20,6.72
669832,Fine particles (PM 2.5),UHF42,103,Fordham - Bronx Pk,Annual Average 2020,1/1/20,6
669564,Fine particles (PM 2.5),CD,106,Stuyvesant Town and Turtle Bay (CD6),Annual Average 2020,1/1/20,7.79
667537,Nitrogen dioxide (NO2),CD,104,Clinton and Chelsea (CD4),Annual Average 2020,1/1/20,22.53
667609,Nitrogen dioxide (NO2),CD,204,Highbridge and Concourse (CD4),Annual Average 2020,1/1/20,19.05
667603,Nitrogen dioxide (NO2),CD,203,Morrisania and Crotona (CD3),Annual Average 2020,1/1/20,18.08
669700,Fine particles (PM 2.5),UHF34,201,Greenpoint,Annual Average 2020,1/1/20,7.04
667417,Nitrogen dioxide (NO2),UHF34,304,Upper West Side,Annual Average 2020,1/1/20,19.62
667519,Nitrogen dioxide (NO2),CD,101,Financial District (CD1),Annual Average 2020,1/1/20,21.7
669658,Fine particles (PM 2.5),UHF34,304,Upper West Side,Annual Average 2020,1/1/20,6.35
669691,Fine particles (PM 2.5),UHF34,204,East New York,Annual Average 2020,1/1/20,6.02
649726,Fine particles (PM 2.5),UHF42,304,Upper West Side,Annual Average 2019,1/1/19,7.38
667141,Nitrogen dioxide (NO2),UHF42,208,Canarsie - Flatlands,Annual Average 2020,1/1/20,13.76
667033,Nitrogen dioxide (NO2),Borough,2,Brooklyn,Annual Average 2020,1/1/20,16
669697,Fine particles (PM 2.5),UHF34,202,Downtown - Heights - Slope,Annual Average 2020,1/1/20,6.69
669709,Fine particles (PM 2.5),UHF34,102,Northeast Bronx,Annual Average 2020,1/1/20,5.95
669694,Fine particles (PM 2.5),UHF34,203,Bedford Stuyvesant - Crown Heights,Annual Average 2020,1/1/20,6.2
669703,Fine particles (PM 2.5),UHF34,104,Pelham - Throgs Neck,Annual Average 2020,1/1/20,6.12
669706,Fine particles (PM 2.5),UHF34,103,Fordham - Bronx Pk,Annual Average 2020,1/1/20,6
669607,Fine particles (PM 2.5),CD,101,Financial District (CD1),Annual Average 2020,1/1/20,7.52
667525,Nitrogen dioxide (NO2),CD,102,Greenwich Village and Soho (CD2),Annual Average 2020,1/1/20,21.26
667615,Nitrogen dioxide (NO2),CD,205,Fordham and University Heights (CD5),Annual Average 2020,1/1/20,19.15
669676,Fine particles (PM 2.5),UHF34,209,Bensonhurst - Bay Ridge,Annual Average 2020,1/1/20,5.93
649816,Fine particles (PM 2.5),UHF34,206,Borough Park,Annual Average 2019,1/1/19,6.32
649822,Fine particles (PM 2.5),UHF34,208,Canarsie - Flatlands,Annual Average 2019,1/1/19,6.15
667363,Nitrogen dioxide (NO2),UHF34,206,Borough Park,Annual Average 2020,1/1/20,16
669685,Fine particles (PM 2.5),UHF34,206,Borough Park,Annual Average 2020,1/1/20,5.94
669679,Fine particles (PM 2.5),UHF34,208,Canarsie - Flatlands,Annual Average 2020,1/1/20,5.69
643483,Nitrogen dioxide (NO2),UHF34,210,Coney Island - Sheepshead Bay,Annual Average 2019,1/1/19,13.5
649828,Fine particles (PM 2.5),UHF34,210,Coney Island - Sheepshead Bay,Annual Average 2019,1/1/19,6.04
667567,Nitrogen dioxide (NO2),CD,109,Morningside Heights and Hamilton Heights (CD9),Annual Average 2020,1/1/20,18.65
667639,Nitrogen dioxide (NO2),CD,209,Parkchester and Soundview (CD9),Annual Average 2020,1/1/20,16.87
667063,Nitrogen dioxide (NO2),UHF42,102,Northeast Bronx,Annual Average 2020,1/1/20,16.75
667543,Nitrogen dioxide (NO2),CD,105,Midtown (CD5),Annual Average 2020,1/1/20,26.27
643312,Nitrogen dioxide (NO2),Borough,4,Queens,Annual Average 2019,1/1/19,15.66
667375,Nitrogen dioxide (NO2),UHF34,208,Canarsie - Flatlands,Annual Average 2020,1/1/20,13.76
643471,Nitrogen dioxide (NO2),UHF34,206,Borough Park,Annual Average 2019,1/1/19,16.66
643477,Nitrogen dioxide (NO2),UHF34,208,Canarsie - Flatlands,Annual Average 2019,1/1/19,13.14
649657,Fine particles (PM 2.5),Borough,4,Queens,Annual Average 2019,1/1/19,6.47
669865,Fine particles (PM 2.5),CD,208,Riverdale and Fieldston (CD8),Annual Average 2020,1/1/20,5.87
649981,Fine particles (PM 2.5),CD,306,Park Slope and Carroll Gardens (CD6),Annual Average 2019,1/1/19,7.7
649951,Fine particles (PM 2.5),CD,208,Riverdale and Fieldston (CD8),Annual Average 2019,1/1/19,6.68
649906,Fine particles (PM 2.5),CD,105,Midtown (CD5),Annual Average 2019,1/1/19,11.53
643561,Nitrogen dioxide (NO2),CD,105,Midtown (CD5),Annual Average 2019,1/1/19,28.53
643474,Nitrogen dioxide (NO2),UHF34,207,East Flatbush - Flatbush,Annual Average 2019,1/1/19,16.27
669682,Fine particles (PM 2.5),UHF34,207,East Flatbush - Flatbush,Annual Average 2020,1/1/20,5.97
669847,Fine particles (PM 2.5),Borough,3,Manhattan,Annual Average 2020,1/1/20,7.16
669823,Fine particles (PM 2.5),UHF42,106,High Bridge - Morrisania,Annual Average 2020,1/1/20,6.12
667351,Nitrogen dioxide (NO2),UHF34,204,East New York,Annual Average 2020,1/1/20,15.74
669796,Fine particles (PM 2.5),UHF42,208,Canarsie - Flatlands,Annual Average 2020,1/1/20,5.69
669853,Fine particles (PM 2.5),Borough,1,Bronx,Annual Average 2020,1/1/20,6.11
649648,Fine particles (PM 2.5),Borough,1,Bronx,Annual Average 2019,1/1/19,6.91
643306,Nitrogen dioxide (NO2),Borough,2,Brooklyn,Annual Average 2019,1/1/19,16.53
643555,Nitrogen dioxide (NO2),CD,103,Lower East Side and Chinatown (CD3),Annual Average 2019,1/1/19,21.24
643606,Nitrogen dioxide (NO2),CD,208,Riverdale and Fieldston (CD8),Annual Average 2019,1/1/19,13.48
643558,Nitrogen dioxide (NO2),CD,104,Clinton and Chelsea (CD4),Annual Average 2019,1/1/19,24.6
643588,Nitrogen dioxide (NO2),CD,202,Hunts Point and Longwood (CD2),Annual Average 2019,1/1/19,19.04
643552,Nitrogen dioxide (NO2),CD,102,Greenwich Village and Soho (CD2),Annual Average 2019,1/1/19,23.44
643309,Nitrogen dioxide (NO2),Borough,3,Manhattan,Annual Average 2019,1/1/19,21.71
667345,Nitrogen dioxide (NO2),UHF34,203,Bedford Stuyvesant - Crown Heights,Annual Average 2020,1/1/20,17.1
667321,Nitrogen dioxide (NO2),UHF34,103,Fordham - Bronx Pk,Annual Average 2020,1/1/20,16.98
669610,Fine particles (PM 2.5),Citywide,1,New York City,Annual Average 2020,1/1/20,6.06
649891,Fine particles (PM 2.5),Citywide,1,New York City,Annual Average 2019,1/1/19,6.6
643303,Nitrogen dioxide (NO2),Borough,1,Bronx,Annual Average 2019,1/1/19,16.01
667339,Nitrogen dioxide (NO2),UHF34,202,Downtown - Heights - Slope,Annual Average 2020,1/1/20,18.26
667315,Nitrogen dioxide (NO2),UHF34,102,Northeast Bronx,Annual Average 2020,1/1/20,16.75
667309,Nitrogen dioxide (NO2),UHF34,101,Kingsbridge - Riverdale,Annual Average 2020,1/1/20,15.9
643456,Nitrogen dioxide (NO2),UHF34,201,Greenpoint,Annual Average 2019,1/1/19,21.4
643465,Nitrogen dioxide (NO2),UHF34,204,East New York,Annual Average 2019,1/1/19,15.81
643453,Nitrogen dioxide (NO2),UHF34,104,Pelham - Throgs Neck,Annual Average 2019,1/1/19,15.47
643462,Nitrogen dioxide (NO2),UHF34,203,Bedford Stuyvesant - Crown Heights,Annual Average 2019,1/1/19,17.69
643450,Nitrogen dioxide (NO2),UHF34,103,Fordham - Bronx Pk,Annual Average 2019,1/1/19,15.17
649654,Fine particles (PM 2.5),Borough,3,Manhattan,Annual Average 2019,1/1/19,8.31
649678,Fine particles (PM 2.5),UHF42,106,High Bridge - Morrisania,Annual Average 2019,1/1/19,7.14
667513,Nitrogen dioxide (NO2),Citywide,1,New York City,Annual Average 2020,1/1/20,15.17
643546,Nitrogen dioxide (NO2),Citywide,1,New York City,Annual Average 2019,1/1/19,15.59
649651,Fine particles (PM 2.5),Borough,2,Brooklyn,Annual Average 2019,1/1/19,6.66
649804,Fine particles (PM 2.5),UHF34,202,Downtown - Heights - Slope,Annual Average 2019,1/1/19,7.44
649792,Fine particles (PM 2.5),UHF34,102,Northeast Bronx,Annual Average 2019,1/1/19,6.68
643480,Nitrogen dioxide (NO2),UHF34,209,Bensonhurst - Bay Ridge,Annual Average 2019,1/1/19,15.7
649825,Fine particles (PM 2.5),UHF34,209,Bensonhurst - Bay Ridge,Annual Average 2019,1/1/19,6.21
741144,Nitrogen dioxide (NO2),CD,107,Upper West Side (CD7),Annual Average 2021,1/1/21,19.19
669688,Fine particles (PM 2.5),UHF34,205,Sunset Park,Annual Average 2020,1/1/20,6.47
742314,Fine particles (PM 2.5),UHF34,205,Sunset Park,Annual Average 2021,1/1/21,6.99
649879,Fine particles (PM 2.5),UHF34,404406,Bayside Little Neck-Fresh Meadows,Annual Average 2019,1/1/19,6.19
649864,Fine particles (PM 2.5),UHF34,409,Southeast Queens,Annual Average 2019,1/1/19,6.01
643441,Nitrogen dioxide (NO2),UHF42,504,South Beach - Tottenville,Annual Average 2019,1/1/19,10.23
643411,Nitrogen dioxide (NO2),UHF42,404,Bayside - Little Neck,Annual Average 2019,1/1/19,14.17
740904,Nitrogen dioxide (NO2),UHF42,104,Pelham - Throgs Neck,Annual Average 2021,1/1/21,16.01
740892,Nitrogen dioxide (NO2),Borough,5,Staten Island,Annual Average 2021,1/1/21,12.84
649786,Fine particles (PM 2.5),UHF42,504,South Beach - Tottenville,Annual Average 2019,1/1/19,5.81
649756,Fine particles (PM 2.5),UHF42,404,Bayside - Little Neck,Annual Average 2019,1/1/19,6.21
643693,Nitrogen dioxide (NO2),CD,407,Flushing and Whitestone (CD7),Annual Average 2019,1/1/19,16.27
643714,Nitrogen dioxide (NO2),CD,414,Rockaway and Broad Channel (CD14),Annual Average 2019,1/1/19,9.94
643660,Nitrogen dioxide (NO2),CD,314,Flatbush and Midwood (CD14),Annual Average 2019,1/1/19,15.8
643639,Nitrogen dioxide (NO2),CD,307,Sunset Park (CD7),Annual Average 2019,1/1/19,18.52
643567,Nitrogen dioxide (NO2),CD,107,Upper West Side (CD7),Annual Average 2019,1/1/19,20.82
643348,Nitrogen dioxide (NO2),UHF42,204,East New York,Annual Average 2019,1/1/19,15.81
667627,Nitrogen dioxide (NO2),CD,207,Kingsbridge Heights and Bedford (CD7),Annual Average 2020,1/1/20,17.86
650005,Fine particles (PM 2.5),CD,314,Flatbush and Midwood (CD14),Annual Average 2019,1/1/19,6.2
649984,Fine particles (PM 2.5),CD,307,Sunset Park (CD7),Annual Average 2019,1/1/19,7.37
649948,Fine particles (PM 2.5),CD,207,Kingsbridge Heights and Bedford (CD7),Annual Average 2019,1/1/19,6.78
649912,Fine particles (PM 2.5),CD,107,Upper West Side (CD7),Annual Average 2019,1/1/19,7.38
669862,Fine particles (PM 2.5),CD,207,Kingsbridge Heights and Bedford (CD7),Annual Average 2020,1/1/20,6.05
649714,Fine particles (PM 2.5),UHF42,211,Williamsburg - Bushwick,Annual Average 2019,1/1/19,7.5
649693,Fine particles (PM 2.5),UHF42,204,East New York,Annual Average 2019,1/1/19,6.56
669567,Fine particles (PM 2.5),CD,107,Upper West Side (CD7),Annual Average 2020,1/1/20,6.35
649672,Fine particles (PM 2.5),UHF42,104,Pelham - Throgs Neck,Annual Average 2019,1/1/19,6.74
649660,Fine particles (PM 2.5),Borough,5,Staten Island,Annual Average 2019,1/1/19,5.92
742161,Fine particles (PM 2.5),Borough,5,Staten Island,Annual Average 2021,1/1/21,6.15
742173,Fine particles (PM 2.5),UHF42,104,Pelham - Throgs Neck,Annual Average 2021,1/1/21,6.6
669808,Fine particles (PM 2.5),UHF42,204,East New York,Annual Average 2020,1/1/20,6.02
643534,Nitrogen dioxide (NO2),UHF34,404406,Bayside Little Neck-Fresh Meadows,Annual Average 2019,1/1/19,14.65
643519,Nitrogen dioxide (NO2),UHF34,409,Southeast Queens,Annual Average 2019,1/1/19,14.5
643468,Nitrogen dioxide (NO2),UHF34,205,Sunset Park,Annual Average 2019,1/1/19,18.46
649813,Fine particles (PM 2.5),UHF34,205,Sunset Park,Annual Average 2019,1/1/19,7.32
667357,Nitrogen dioxide (NO2),UHF34,205,Sunset Park,Annual Average 2020,1/1/20,16.77
667051,Nitrogen dioxide (NO2),Borough,5,Staten Island,Annual Average 2020,1/1/20,11.63
669829,Fine particles (PM 2.5),UHF42,104,Pelham - Throgs Neck,Annual Average 2020,1/1/20,6.12
643327,Nitrogen dioxide (NO2),UHF42,104,Pelham - Throgs Neck,Annual Average 2019,1/1/19,15.47
643315,Nitrogen dioxide (NO2),Borough,5,Staten Island,Annual Average 2019,1/1/19,11.92
